sample_id,model,ALGORITHM,FEEDBACK,OSC KEY SYNC,LFO SPEED,LFO DELAY,LFO PM DEPTH,LFO AM DEPTH,LFO KEY SYNC,LFO WAVE,P MODE SENS.,PITCH EG RATE 1,PITCH EG RATE 2,PITCH EG RATE 3,PITCH EG RATE 4,PITCH EG LEVEL 1,PITCH EG LEVEL 2,PITCH EG LEVEL 3,PITCH EG LEVEL 4,OP1 EG RATE 1,OP1 EG RATE 2,OP1 EG RATE 3,OP1 EG RATE 4,OP1 EG LEVEL 1,OP1 EG LEVEL 2,OP1 EG LEVEL 3,OP1 EG LEVEL 4,OP1 OUTPUT LEVEL,OP1 MODE,OP1 F COARSE,OP1 F FINE,OP1 OSC DETUNE,OP1 BREAK POINT,OP1 L SCALE DEPTH,OP1 R SCALE DEPTH,OP1 L KEY SCALE,OP1 R KEY SCALE,OP1 RATE SCALING,OP1 A MOD SENS.,OP1 KEY VELOCITY,OP2 EG RATE 1,OP2 EG RATE 2,OP2 EG RATE 3,OP2 EG RATE 4,OP2 EG LEVEL 1,OP2 EG LEVEL 2,OP2 EG LEVEL 3,OP2 EG LEVEL 4,OP2 OUTPUT LEVEL,OP2 MODE,OP2 F COARSE,OP2 F FINE,OP2 OSC DETUNE,OP2 BREAK POINT,OP2 L SCALE DEPTH,OP2 R SCALE DEPTH,OP2 L KEY SCALE,OP2 R KEY SCALE,OP2 RATE SCALING,OP2 A MOD SENS.,OP2 KEY VELOCITY,OP3 EG RATE 1,OP3 EG RATE 2,OP3 EG RATE 3,OP3 EG RATE 4,OP3 EG LEVEL 1,OP3 EG LEVEL 2,OP3 EG LEVEL 3,OP3 EG LEVEL 4,OP3 OUTPUT LEVEL,OP3 MODE,OP3 F COARSE,OP3 F FINE,OP3 OSC DETUNE,OP3 BREAK POINT,OP3 L SCALE DEPTH,OP3 R SCALE DEPTH,OP3 L KEY SCALE,OP3 R KEY SCALE,OP3 RATE SCALING,OP3 A MOD SENS.,OP3 KEY VELOCITY,OP4 EG RATE 1,OP4 EG RATE 2,OP4 EG RATE 3,OP4 EG RATE 4,OP4 EG LEVEL 1,OP4 EG LEVEL 2,OP4 EG LEVEL 3,OP4 EG LEVEL 4,OP4 OUTPUT LEVEL,OP4 MODE,OP4 F COARSE,OP4 F FINE,OP4 OSC DETUNE,OP4 BREAK POINT,OP4 L SCALE DEPTH,OP4 R SCALE DEPTH,OP4 L KEY SCALE,OP4 R KEY SCALE,OP4 RATE SCALING,OP4 A MOD SENS.,OP4 KEY VELOCITY,OP5 EG RATE 1,OP5 EG RATE 2,OP5 EG RATE 3,OP5 EG RATE 4,OP5 EG LEVEL 1,OP5 EG LEVEL 2,OP5 EG LEVEL 3,OP5 EG LEVEL 4,OP5 OUTPUT LEVEL,OP5 MODE,OP5 F COARSE,OP5 F FINE,OP5 OSC DETUNE,OP5 BREAK POINT,OP5 L SCALE DEPTH,OP5 R SCALE DEPTH,OP5 L KEY SCALE,OP5 R KEY SCALE,OP5 RATE SCALING,OP5 A MOD SENS.,OP5 KEY VELOCITY,OP6 EG RATE 1,OP6 EG RATE 2,OP6 EG RATE 3,OP6 EG RATE 4,OP6 EG LEVEL 1,OP6 EG LEVEL 2,OP6 EG LEVEL 3,OP6 EG LEVEL 4,OP6 OUTPUT LEVEL,OP6 MODE,OP6 F COARSE,OP6 F FINE,OP6 OSC DETUNE,OP6 BREAK POINT,OP6 L SCALE DEPTH,OP6 R SCALE DEPTH,OP6 L KEY SCALE,OP6 R KEY SCALE,OP6 RATE SCALING,OP6 A MOD SENS.,OP6 KEY VELOCITY
76,GT,0.032258064,1.0,1.0,0.343434,0.333333,0.171717,0.717172,0.0,0.8,0.14285715,0.949495,0.676768,0.959596,0.606061,0.50505,0.50505,0.50505,0.50505,0.545455,0.333333,0.20202,0.424242,1.0,0.929293,0.848485,0.0,1.0,1.0,0.0,0.222222,0.0,0.0,0.0,0.0,0.0,0.0,0.2857143,0.0,0.14285715,1.0,0.222222,0.0,0.414141,1.0,0.979798,0.939394,0.0,0.737374,0.0,0.06451613,0.0,0.071428575,0.0,0.0,0.040404,0.0,0.0,0.14285715,0.0,0.0,0.535354,0.333333,0.20202,0.464646,1.0,0.929293,0.848485,0.0,1.0,1.0,0.0,0.292929,0.0,0.0,0.0,0.0,0.0,0.0,0.2857143,0.0,0.0,1.0,0.464646,0.0,0.282828,1.0,0.939394,0.878788,0.0,0.848485,0.0,0.06451613,0.0,0.35714287,0.545455,0.0,1.0,0.0,0.0,0.14285715,0.0,0.14285715,1.0,0.464646,0.0,0.282828,1.0,0.939394,0.878788,0.0,0.69697,0.0,0.06451613,0.0,1.0,0.252525,0.0,0.242424,0.0,0.0,0.14285715,0.0,0.0,1.0,0.464646,0.0,0.282828,1.0,0.939394,0.878788,0.0,0.50505,0.0,0.32258064,0.0,1.0,0.161616,0.0,0.242424,0.0,0.0,0.14285715,0.0,0.0
76,Flow,0.032258064,1.0,1.0,0.3661394,0.3058591,0.23829705,0.69218737,0.0,0.8,0.2857143,0.88801086,0.76503265,0.84598166,0.55120873,0.5007132,0.50136733,0.5181695,0.49838018,0.58509195,0.38166428,0.1509425,0.40984,1.0,1.0,0.86196303,0.0,1.0,1.0,0.0,0.15824437,0.0,0.2350508,0.0,0.0,0.0,0.0,0.2857143,0.0,0.14285715,0.99960995,0.28406215,0.012341917,0.29335892,1.0,1.0,0.99866354,0.0,0.7873926,0.0,0.06451613,0.0,0.071428575,0.34662902,0.0,0.0,0.0,0.0,0.14285715,0.0,0.0,0.6588943,0.34556413,0.1722973,0.3837669,1.0,0.9859098,0.9681378,0.0,0.97730553,1.0,0.0,0.13369405,0.0,0.02780366,0.0,0.0,0.0,0.0,0.2857143,0.0,0.0,0.8354324,0.40859997,0.07049364,0.3035239,1.0,1.0,0.95513505,0.0,0.84015834,0.0,0.06451613,0.0,0.35714287,0.54021025,0.0,0.0,0.0,0.0,0.14285715,0.0,0.14285715,0.91922677,0.49260247,0.050040543,0.36240792,1.0,1.0,0.9636457,0.0,0.74231076,0.0,0.06451613,0.0,1.0,0.38865292,0.0,0.05274141,0.0,0.0,0.14285715,0.0,0.0,0.9188133,0.45551014,0.11686635,0.33395326,1.0,1.0,1.0,0.0,0.7168604,0.0,0.32258064,0.032157183,1.0,0.4147719,0.0,0.14097095,0.0,0.0,0.14285715,0.0,0.0
76,IS,0.032258064,1.0,1.0,0.35838592,0.30036375,0.16363488,0.4093288,0.0,0.8,0.14285715,0.77790445,0.59496963,0.7591076,0.53227603,0.5038635,0.50505006,0.5050501,0.5050501,0.5520188,0.35042152,0.17399739,0.4074781,0.99998057,1.0,0.7840425,2.9017112e-08,0.9921102,1.0,0.0,0.16480479,0.0,0.025917752,0.0,0.0,0.0,0.0,0.2857143,0.0,0.14285715,0.94044703,0.14480181,0.0,0.26414484,0.9748345,0.95889205,0.92195064,1.7062003e-09,0.7199223,0.0,0.06451613,0.0,0.071428575,0.14673334,0.0,0.0,0.0,0.0,0.14285715,0.0,0.0,0.52740115,0.32286486,0.110923685,0.39163306,0.9982971,1.0,0.8567664,6.1640996e-08,0.98000443,1.0,0.0,0.1943061,0.0,0.14070547,0.0,0.0,0.0,0.0,0.2857143,0.0,0.0,0.89406437,0.3722313,0.0,0.22984512,0.98253155,0.9095348,0.83403355,0.0,0.84153575,0.0,0.06451613,0.0,0.35714287,0.56448025,0.0,0.0,0.0,0.0,0.14285715,0.0,0.14285715,0.86124575,0.34002566,0.0,0.26587653,0.9765932,0.8647571,0.7348467,0.0,0.7428721,0.0,0.06451613,0.0,1.0,0.3179865,0.0,0.18080038,0.0,0.0,0.14285715,0.0,0.0,0.8725729,0.32864812,0.036364246,0.31225008,0.98097926,0.8966745,0.75973475,0.0,0.56230474,0.0,0.32258064,0.0,1.0,0.3109085,0.0,0.2196439,0.0,0.0,0.14285715,0.0,0.0
76,IS2noITF,0.032258064,1.0,1.0,0.3206567,0.25856036,0.15899624,0.61154616,0.0,0.8,0.14285715,0.88081896,0.65925276,0.8589266,0.5954182,0.50505006,0.50505006,0.5050499,0.50504994,0.5477516,0.3033997,0.15797749,0.40401992,0.99999964,0.96504676,0.82727015,7.635886e-08,0.9948353,1.0,0.0,0.2144731,0.0,0.12423842,0.0,0.0,0.0,0.0,0.2857143,0.0,0.14285715,0.8924465,0.23469025,0.0,0.32423624,1.0,0.9415923,0.94087654,0.0,0.7103373,0.0,0.06451613,0.04605024,0.071428575,0.002085224,0.0,0.013983542,0.0,0.0,0.14285715,0.0,0.0,0.53729874,0.35054988,0.14893255,0.39002118,0.99992055,0.9274618,0.77101445,1.02797486e-07,0.94724804,1.0,0.0,0.2236991,0.0,0.048972145,0.09210009,0.032490917,0.0,0.0,0.2857143,0.0,0.0,0.95297706,0.55696714,0.0,0.28175697,0.9689298,0.8767926,0.8222957,0.0,0.8104665,0.0,0.06451613,0.04111837,0.35714287,0.5855496,0.0,0.0,0.0,0.0,0.14285715,0.0,0.14285715,0.94386816,0.60176057,0.057109386,0.27148393,0.996495,0.97733915,0.8119381,3.62536e-07,0.7116183,0.0,0.06451613,0.0,1.0,0.21568583,0.01164326,0.22631311,0.0,0.0,0.14285715,0.0,0.0,0.89254934,0.57039994,0.06304724,0.3346346,0.9942175,0.98745584,0.722823,0.0,0.56495625,0.0,0.32258064,0.0,1.0,0.16868682,0.006996708,0.2798561,0.0,0.0,0.14285715,0.0,0.0
76,IS2,0.032258064,1.0,1.0,0.31425685,0.26105416,0.16245365,0.6240788,0.0,0.8,0.14285715,0.8884632,0.6544342,0.85709643,0.58783454,0.50505376,0.50505,0.50505,0.50505,0.5355873,0.29741156,0.1549225,0.39907256,0.9999999,0.9545759,0.84195656,1.32e-07,0.9962173,1.0,0.0,0.21907063,0.0,0.12393469,0.0,0.0,0.0,0.0,0.2857143,0.0,0.14285715,0.89247614,0.23555471,0.0,0.31427345,1.0,0.93756765,0.95352674,0.0,0.70825243,0.0,0.06451613,0.040580917,0.071428575,0.0,0.0,0.011826976,0.0,0.0,0.14285715,0.0,0.0,0.5314902,0.35465583,0.14297687,0.38979474,1.0,0.9192153,0.7798184,0.0,0.9484719,1.0,0.0,0.2155243,0.0,0.04650874,0.08143875,0.010600695,0.0,0.0,0.2857143,0.0,0.0,0.9549411,0.5528907,0.0,0.2764908,0.97300994,0.8637686,0.8128828,2.01e-07,0.8038813,0.0,0.06451613,0.03459008,0.35714287,0.6074145,0.0,0.0,0.0,0.0,0.14285715,0.0,0.14285715,0.9518086,0.6194217,0.048051648,0.2665989,0.99807566,0.9855186,0.8189657,1.29e-08,0.7022372,0.0,0.06451613,0.0,1.0,0.22325116,0.004531266,0.23870064,0.0,0.0,0.14285715,0.0,0.0,0.90036273,0.5787962,0.06732484,0.33946595,0.99607354,0.9871411,0.72523344,4.91e-08,0.55018973,0.0,0.32258064,0.0,1.0,0.17607015,0.0,0.2978057,0.0,0.0,0.14285715,0.0,0.0
146,GT,0.9677419,0.71428573,0.0,0.343434,0.333333,0.0,0.0,0.0,0.8,0.2857143,0.949495,0.676768,0.959596,0.606061,0.50505,0.50505,0.50505,0.50505,0.969697,0.30303,0.252525,0.40404,1.0,0.808081,0.0,0.0,1.0,0.0,0.032258064,0.0,0.5,0.0,0.0,0.0,0.0,0.0,0.42857146,0.0,0.42857146,0.969697,0.30303,0.252525,0.40404,1.0,0.808081,0.0,0.0,0.868687,0.0,0.032258064,0.0,0.5,0.0,0.0,0.0,0.0,0.0,0.42857146,0.0,0.42857146,0.969697,0.30303,0.252525,0.40404,1.0,0.808081,0.0,0.0,0.888889,0.0,0.032258064,0.0,0.071428575,0.0,0.0,0.0,0.0,0.0,0.42857146,0.0,0.42857146,0.969697,0.30303,0.252525,0.40404,1.0,0.808081,0.0,0.0,0.979798,0.0,0.032258064,0.0,0.5,0.0,0.0,0.0,0.0,0.0,0.42857146,0.0,0.0,0.969697,0.828283,0.252525,0.40404,1.0,0.808081,0.0,0.0,1.0,0.0,0.032258064,0.0,0.5,0.0,0.0,0.0,0.0,0.0,0.42857146,0.0,1.0,0.969697,0.30303,0.252525,0.40404,1.0,0.808081,0.0,0.0,0.656566,0.0,0.16129032,0.0,0.5,0.0,0.0,0.0,0.0,0.0,0.42857146,0.0,1.0
146,Flow,0.9677419,0.5714286,0.0,0.30342495,0.34712094,0.0,0.0,0.0,0.8,0.2857143,0.84062314,0.69721735,0.9360064,0.63317084,0.5165935,0.5296535,0.54001194,0.52652586,0.9282906,0.30695468,0.17288314,0.48698932,1.0,0.80911434,0.0,0.0,1.0,0.0,0.032258064,0.0,0.5,0.0,0.0,0.0,0.0,0.0,0.42857146,0.0,0.42857146,0.9029726,0.4532986,0.24594077,0.47278544,1.0,0.76415116,0.0,0.0,0.72789705,0.0,0.032258064,0.0,0.5,0.13918644,0.0,0.05145961,0.0,0.0,0.42857146,0.0,0.42857146,0.92254126,0.35379696,0.23120746,0.41091686,1.0,0.8886373,0.0,0.0,0.99695945,0.0,0.032258064,0.0,0.5,0.12534013,0.0,0.0,0.0,0.0,0.42857146,0.0,0.42857146,0.932804,0.3401829,0.23829412,0.41101664,1.0,0.7493289,0.0,0.0,0.8427777,0.0,0.032258064,0.0,0.5,0.0,0.0,0.0,0.0,0.0,0.42857146,0.0,0.5714286,0.9420788,0.49647045,0.2651778,0.3651559,1.0,0.96750206,0.0,0.0,0.89751875,0.0,0.032258064,0.0,0.5,0.106233776,0.0,0.009465575,0.0,0.0,0.42857146,0.0,1.0,0.91375923,0.47433025,0.2464756,0.395978,0.9712492,0.89059484,0.0,0.0,0.7214647,0.0,0.16129032,0.0,0.5,0.13280253,0.0,0.092172414,0.0,0.0,0.42857146,0.0,1.0
146,IS,0.9677419,0.71428573,0.0,0.3162799,0.28669295,0.0052648745,0.01081499,0.0,0.8,0.2857143,0.9338226,0.7080737,0.9390517,0.6169059,0.50428975,0.50505006,0.5050502,0.5050501,0.9344265,0.35603657,0.24502178,0.425944,1.0,0.7979503,0.0035097788,2.8694442e-08,0.9921887,0.0,0.032258064,0.0,0.5,0.026349604,0.01629217,0.0,0.0,0.0,0.42857146,0.0,0.42857146,0.96229714,0.33625993,0.23524246,0.39022458,1.0,0.8987881,0.026863066,0.0,0.86905956,0.0,0.032258064,0.0,0.5,0.0,0.0056009158,0.0,0.0,0.0,0.42857146,0.0,0.42857146,0.93540376,0.35347292,0.21952488,0.38701743,0.9928109,0.80367863,0.0,6.332497e-08,0.92202693,0.0,0.032258064,0.017859036,0.071428575,0.0,0.0,0.0,0.0,0.0,0.42857146,0.0,0.42857146,1.0,0.3730077,0.24774998,0.43976134,0.98078954,0.7728357,0.0,0.0,0.95764005,0.0,0.032258064,0.0076643224,0.5,0.0,0.001503633,0.0,0.0,0.0,0.42857146,0.0,0.0,0.9185521,0.78607225,0.16339132,0.36296657,0.9862515,0.8395297,0.0,0.0,0.9756258,0.0,0.032258064,0.0,0.5,0.0,0.0,0.0,0.0,0.0,0.42857146,0.0,1.0,0.92429906,0.34525314,0.28248566,0.3734045,1.0,0.7817031,0.0,0.0,0.69554764,0.0,0.16129032,0.0,0.5,0.011714743,0.04178389,0.04294526,0.0,0.0,0.42857146,0.0,1.0
146,IS2noITF,0.9677419,0.71428573,0.0,0.32539067,0.31576908,0.0,0.016140362,0.0,0.8,0.2857143,0.98113364,0.71907693,0.981322,0.6425469,0.5050496,0.50505,0.5050499,0.50504994,0.93477845,0.28316805,0.18518505,0.40356416,0.9999997,0.812746,0.0,7.5105696e-08,1.0,0.0,0.032258064,0.006030315,0.5,0.02122637,0.02435544,0.005379464,0.0,0.0,0.42857146,0.0,0.42857146,0.980021,0.2752554,0.22176957,0.45679364,0.98946345,0.83690894,0.0,0.0,0.86035883,0.0,0.032258064,0.0,0.5,0.0,0.0,0.011231581,0.0,0.0,0.42857146,0.0,0.42857146,0.95603794,0.2560238,0.21613556,0.40551385,1.0,0.817415,0.0,9.845163e-08,0.88114226,0.0,0.032258064,0.0042709988,0.071428575,0.04766611,0.0,0.021104956,0.0,0.0,0.42857146,0.0,0.42857146,0.9995193,0.36382782,0.19543529,0.4341066,0.9896836,0.84234506,0.0,0.0,0.948368,0.0,0.032258064,0.0,0.5,0.010374158,0.0,0.0,0.0,0.0,0.42857146,0.0,0.0,0.9415767,0.6491945,0.20362833,0.3632602,0.99395823,0.8678878,0.0,3.4933458e-07,1.0,0.0,0.032258064,0.0,0.5,0.061625272,0.0,0.0,0.0,0.0,0.42857146,0.0,1.0,0.9893601,0.41079414,0.3383033,0.35167524,0.9950309,0.8533643,0.0,8.036965e-08,0.671198,0.0,0.16129032,0.0002236065,0.5,0.058824603,0.015427944,0.035308037,0.0,0.0,0.42857146,0.0,1.0
146,IS2,0.9677419,0.71428573,0.0,0.32049295,0.32747164,0.0,0.005335568,0.0,0.8,0.2857143,0.9882348,0.72245944,0.98980415,0.6364101,0.50504565,0.50504994,0.5050499,0.50505006,0.94168407,0.2569708,0.1767508,0.39965087,0.9999998,0.7910044,0.0,1.83e-07,1.0,0.0,0.032258064,0.004957128,0.5,0.007149472,0.0315522,0.000315429,0.0,0.0,0.42857146,0.0,0.42857146,0.981455,0.24280824,0.2200005,0.4499036,0.9894566,0.8263681,0.0,6.86e-08,0.85402733,0.0,0.032258064,0.0,0.5,0.0,0.0,0.012261719,0.0,0.0,0.42857146,0.0,0.42857146,0.97333205,0.2418576,0.21794389,0.41303647,1.0,0.80572164,0.0,0.0,0.88829607,0.0,0.032258064,0.0,0.071428575,0.043167435,0.00680223,0.011742717,0.0,0.0,0.42857146,0.0,0.42857146,1.0,0.34119785,0.19226387,0.4301549,0.9905348,0.82765055,0.0,2.31e-08,0.9465528,0.0,0.032258064,0.0,0.5,0.001029187,0.0,0.0,0.0,0.0,0.42857146,0.0,0.0,0.956577,0.663764,0.20746227,0.36123815,0.9917368,0.85107595,0.0,1.76e-07,1.0,0.0,0.032258064,0.0,0.5,0.05548581,0.0,0.0,0.0,0.0,0.42857146,0.0,1.0,0.9983999,0.4238021,0.35082656,0.35062897,0.99493355,0.8455374,0.0,0.0,0.6602734,0.0,0.16129032,0.0,0.5,0.048565406,0.014513883,0.028053641,0.0,0.0,0.42857146,0.0,1.0
216,GT,0.87096775,0.8571429,0.0,0.353535,0.0,0.0,0.0,1.0,0.0,0.0,1.0,1.0,1.0,1.0,0.50505,0.50505,0.50505,0.50505,0.979798,0.50505,0.171717,0.676768,1.0,0.989899,0.0,0.0,1.0,1.0,0.0,0.010101,0.5,0.0,0.0,0.0,0.0,0.0,0.2857143,0.0,0.0,1.0,0.686869,0.171717,0.858586,1.0,0.909091,0.0,1.0,0.89899,0.0,0.032258064,0.0,0.42857146,0.393939,0.0,0.080808,0.0,0.0,0.2857143,0.0,0.42857146,0.979798,0.50505,0.171717,0.616162,1.0,0.989899,0.0,0.0,1.0,1.0,0.12903225,0.212121,0.5,0.0,0.0,0.0,0.0,0.0,0.2857143,0.0,0.0,1.0,0.686869,0.171717,0.575758,1.0,0.909091,0.0,0.0,0.909091,0.0,0.032258064,0.0,0.6428572,0.464646,0.0,0.444444,0.0,0.0,0.0,0.0,0.42857146,1.0,0.525253,0.323232,0.89899,1.0,0.626263,0.0,0.0,0.353535,0.0,0.54838705,0.141414,0.5,0.393939,0.585859,0.0,0.0,0.0,0.0,0.0,0.71428573,1.0,0.808081,1.0,1.0,1.0,0.0,0.0,0.0,1.0,0.0,0.19354838,0.79798,0.5,0.424242,0.0,0.0,0.0,0.0,0.2857143,0.0,0.8571429
216,Flow,0.87096775,0.8571429,0.0,0.3363256,0.029258892,0.0,0.0,1.0,0.0,0.0,1.0,0.9918762,1.0,0.9672786,0.52011836,0.5443771,0.49490047,0.53295213,1.0,0.50345916,0.3312573,0.689197,1.0,0.97483814,0.13303813,0.0,1.0,1.0,0.0,0.120733775,0.5,0.15476951,0.0,0.0,0.0,0.0,0.2857143,0.0,0.0,0.85461473,0.6609912,0.22996402,0.831214,1.0,1.0,0.059281416,0.5716522,0.9654909,0.0,0.032258064,0.0,0.42857146,0.4095528,0.0,0.05517727,0.0,0.0,0.2857143,0.0,0.42857146,0.9573971,0.54696494,0.21375673,0.8230721,1.0,0.94888777,0.0,0.0,0.85498554,1.0,0.12903225,0.30062,0.5,0.0902575,0.0,0.0,0.0,0.0,0.2857143,0.0,0.0,0.8569538,0.64708966,0.2913057,0.7792235,1.0,0.8296504,0.0,0.0,0.9735125,0.0,0.032258064,0.10022979,0.6428572,0.5304089,0.0,0.092812344,0.0,0.0,0.0,0.0,0.42857146,0.87752146,0.66809607,0.38362312,0.8374712,1.0,0.77479386,0.0,0.0063403547,0.83219606,0.0,0.06451613,0.2559091,0.5,0.21840972,0.0,0.0,0.0,0.0,0.0,0.0,0.71428573,0.9262276,0.59980816,0.53980577,0.80412066,1.0,0.3864764,0.0,0.0,0.86842823,0.0,0.19354838,0.3943563,0.5,0.3787905,0.0,0.020112865,0.0,0.0,0.2857143,0.0,0.42857146
216,IS,0.87096775,0.8571429,0.0,0.36325562,0.0009563705,0.0,0.052435786,1.0,0.0,0.0,1.0,1.0,1.0,1.0,0.5073449,0.50504994,0.50505,0.5050501,0.8819653,0.5011045,0.117755674,0.67620647,0.9999735,0.9472385,0.0,3.6544645e-08,0.99426126,1.0,0.0,0.012810578,0.5,0.009802592,0.0,0.0,0.0,0.0,0.2857143,0.0,0.0,0.9594671,0.63336724,0.1609832,0.8749523,1.0,0.8889057,0.0,6.850606e-08,0.8958717,0.0,0.032258064,0.0,0.42857146,0.41771612,0.0021146927,0.10264635,0.0,0.0,0.2857143,0.0,0.42857146,0.97731155,0.51696146,0.19309647,0.6101123,1.0,0.99422485,0.048465762,5.9325465e-08,0.96506304,1.0,0.12903225,0.23498994,0.5,0.026412884,0.0,0.0,0.0,0.0,0.2857143,0.0,0.0,1.0,0.668701,0.19265041,0.5720449,0.99806446,0.85091895,0.026333664,0.0,0.9180274,0.0,0.032258064,0.010300784,0.6428572,0.51154184,0.024129922,0.46580714,0.0,0.0,0.0,0.0,0.42857146,1.0,0.6300857,0.27962938,0.8930016,1.0,0.5292544,0.0,3.4946703e-07,0.5170952,0.0,0.54838705,0.17271079,0.5,0.36640182,0.1873025,0.11090421,0.0,0.0,0.0,0.0,0.71428573,1.0,0.76726633,1.0,0.9476008,0.99960554,0.05219555,0.011874815,3.519447e-08,0.9585223,0.0,0.19354838,0.66662675,0.5,0.40307322,0.018058268,0.0,0.0,0.0,0.2857143,0.0,0.8571429
216,IS2noITF,0.87096775,0.8571429,0.0,0.34727946,0.0,0.014491643,0.0,1.0,0.0,0.0,1.0,1.0,0.9875186,1.0,0.5050502,0.50505,0.5050498,0.50504994,0.9583837,0.49430248,0.1503701,0.67611396,0.99999976,1.0,0.0,7.668621e-08,1.0,1.0,0.0,0.0,0.5,0.042371638,0.0,0.0,0.0,0.0,0.2857143,0.0,0.0,0.99812144,0.63603574,0.12452226,0.8954643,0.99595374,0.85812414,0.0010917514,8.4394037e-07,0.8864233,0.0,0.032258064,0.0012776895,0.42857146,0.40298107,0.0027784726,0.096755,0.0,0.0,0.2857143,0.0,0.42857146,0.99215776,0.4819873,0.17150705,0.6145546,1.0,0.9586377,0.0053826524,1.0050095e-07,1.0,1.0,0.12903225,0.20795263,0.5,0.037922714,0.0,0.0,0.0,0.0,0.2857143,0.0,0.0,1.0,0.6606825,0.20499563,0.64601827,0.99356914,0.8922434,0.0,0.0,0.90708053,0.0,0.032258064,0.010507465,0.6428572,0.4818034,0.015565875,0.42321712,0.0,0.0,0.0,0.0,0.42857146,1.0,0.5870672,0.33934426,0.89813733,1.0,0.5422295,0.03224989,2.838085e-07,0.5770916,0.0,0.54838705,0.18129452,0.5,0.3756752,0.2101007,0.055557515,0.0,0.0,0.0,0.0,0.71428573,1.0,0.77041787,1.0,1.0,1.0,0.0,0.06569243,1.09363505e-07,0.97014713,0.0,0.19354838,0.5762988,0.5,0.3375471,0.020959154,0.0,0.0,0.0,0.2857143,0.0,0.8571429
216,IS2,0.87096775,0.8571429,0.0,0.3569338,0.0,0.018943032,0.0,1.0,0.0,0.0,1.0,1.0,0.9769491,1.0,0.50505686,0.50505006,0.50504994,0.50505,0.9703977,0.49825057,0.12885056,0.68536204,1.0,1.0,0.0,8.84e-08,1.0,1.0,0.0,0.0,0.5,0.06445871,0.001533611,0.0,0.0,0.0,0.2857143,0.0,0.0,0.9948267,0.6569827,0.110610865,0.9288651,0.9978078,0.8752183,0.0,0.0,0.89746594,0.0,0.032258064,0.000699862,0.42857146,0.42849702,0.004238502,0.09716703,0.0,0.0,0.2857143,0.0,0.42857146,0.99693596,0.49702373,0.17280596,0.62710637,1.0,0.9474567,0.0,1.07e-07,1.0,1.0,0.12903225,0.21389109,0.5,0.033793874,0.0,0.0,0.0,0.0,0.2857143,0.0,0.0,1.0,0.6885214,0.19542034,0.64202857,0.99833804,0.9020335,0.0,3.34e-08,0.9039835,0.0,0.032258064,0.0,0.6428572,0.5247116,0.015674254,0.4548713,0.0,0.0,0.0,0.0,0.42857146,1.0,0.6044911,0.34093025,0.9154496,1.0,0.5253927,0.0,0.0,0.56116205,0.0,0.54838705,0.18858859,0.5,0.39885968,0.21697398,0.066985294,0.0,0.0,0.0,0.0,0.71428573,1.0,0.80203825,1.0,1.0,1.0,0.0,0.046642303,1.1e-07,0.9791784,0.0,0.19354838,0.61144507,0.5,0.36387125,0.018861743,0.003632015,0.0,0.0,0.2857143,0.0,0.8571429
496,GT,1.0,0.71428573,0.0,0.050505,0.010101,0.252525,0.282828,0.0,0.0,0.14285715,1.0,1.0,1.0,1.0,0.50505,0.50505,0.50505,0.50505,0.0,0.0,0.0,0.0,0.0,0.0,0.0,0.0,0.0,0.0,0.0,0.0,0.5,0.0,0.0,0.0,0.0,0.0,0.0,0.0,0.0,0.0,0.0,0.0,0.0,0.0,0.0,0.0,0.0,0.0,0.0,0.0,0.0,0.5,0.0,0.0,0.0,0.0,0.0,0.0,0.0,0.0,1.0,0.535354,1.0,0.989899,1.0,0.0,0.0,0.0,1.0,0.0,0.06451613,0.50505,0.71428573,0.151515,0.0,0.0,0.0,0.33333334,0.0,1.0,0.0,1.0,1.0,1.0,0.676768,1.0,1.0,1.0,0.0,1.0,0.0,0.0,0.0,1.0,0.151515,0.0,0.0,0.0,0.33333334,0.0,1.0,0.0,1.0,1.0,1.0,0.676768,1.0,1.0,1.0,0.0,1.0,0.0,0.0,0.0,0.0,0.151515,0.0,0.0,0.0,0.33333334,0.0,1.0,0.0,1.0,1.0,1.0,0.676768,1.0,1.0,1.0,0.0,1.0,0.0,0.0,0.0,0.5,0.151515,0.0,0.0,0.0,0.33333334,0.0,1.0,0.0
496,Flow,1.0,0.71428573,0.0,0.34404212,0.24679363,0.0824769,0.27393204,0.0,0.0,0.14285715,1.0,1.0,1.0,1.0,0.5040975,0.50147396,0.5335994,0.49842674,0.863567,0.8811561,0.8367525,0.71486217,1.0,0.89159715,1.0,0.0,0.29994398,0.0,0.0,0.0,0.5,0.062289402,0.0,0.06783272,0.0,0.33333334,0.0,1.0,0.0,0.85406214,0.7868253,0.75131613,0.71660334,0.95088077,0.8922667,1.0,0.0,0.5298064,0.0,0.0,0.0,1.0,0.024088651,0.0,0.03346479,0.0,0.33333334,0.0,1.0,0.0,0.9334284,0.91311413,0.80472004,0.7343742,1.0,0.82301897,0.9238839,0.0,0.9719872,0.0,0.06451613,0.0,0.0,0.1281766,0.0,0.0,0.0,0.33333334,0.0,1.0,0.0,0.926113,0.9225953,0.9234341,0.76908386,1.0,0.8100393,0.8963976,0.0,0.8323773,0.0,0.0,0.0,0.5,0.0,0.0,0.011218384,0.0,0.33333334,0.0,1.0,0.0,0.88645244,0.8494317,0.88256544,0.712831,0.9957751,0.84621227,0.9255908,0.0,0.8579209,0.0,0.0,0.0,0.0,0.0,0.0,0.0,0.0,0.33333334,0.0,1.0,0.0,0.937165,0.74688613,0.8118891,0.690911,0.91682667,0.84806097,0.83918965,0.0,0.7070587,0.0,0.0,0.0,0.5,0.09455831,0.0,0.039662108,0.0,0.33333334,0.0,1.0,0.0
496,IS,1.0,0.71428573,0.0,0.12046706,0.043917082,0.11943973,0.29439548,0.0,0.0,0.14285715,0.9695978,0.98803806,0.9496191,0.95104253,0.5070992,0.50505,0.50505006,0.5050501,0.64940983,0.7424522,0.5635905,0.66113317,0.9994237,0.7264878,0.18123995,3.7991416e-08,0.87273276,0.0,0.0,0.0,0.5,0.08438194,0.045640536,0.0051718038,0.0,0.0,0.0,0.0,0.0,0.63501334,0.50603926,0.61195946,0.6613614,0.9040989,0.7255398,0.5665917,6.5918413e-09,0.42433393,0.0,0.0,0.0,0.5,0.0,0.0,0.0043531177,0.0,0.0,0.0,0.0,0.0,0.9666675,0.6142064,0.8538466,0.91010755,0.9995955,0.49613395,0.0,5.7627147e-08,1.0,0.0,0.06451613,0.12111198,0.71428573,0.17821805,0.043509867,0.0,0.0,0.33333334,0.0,0.0,0.0,0.9712662,1.0,0.92759776,0.66290617,1.0,0.96993226,1.0,0.0,0.96920484,0.0,0.0,0.0016700958,1.0,0.09960718,0.031387318,0.0,0.0,0.33333334,0.0,1.0,0.0,0.99638313,1.0,0.98580825,0.6283352,0.9936887,1.0,0.9795857,0.0,0.98744994,0.0,0.0,0.027863115,0.0,0.087167524,0.0,0.0,0.0,0.33333334,0.0,1.0,0.0,0.96378845,0.92334145,1.0,0.6071747,0.97870725,0.9944438,1.0,1.0096131e-08,1.0,0.0,0.0,0.01696355,0.5,0.10051247,0.01579018,0.0,0.0,0.33333334,0.0,1.0,0.0
496,IS2noITF,1.0,0.71428573,0.0,0.081427805,0.005552159,0.22138926,0.21606418,0.0,0.0,0.14285715,1.0,1.0,1.0,1.0,0.50505006,0.50505,0.5050499,0.50504994,0.89536846,0.82802516,0.7167639,0.6624421,0.9999991,0.58525264,0.41765684,7.986886e-08,0.9020331,0.0,0.0,0.008166629,0.5,0.10914647,0.012194508,0.01468864,0.0,0.0,0.0,0.0,0.0,0.6978391,0.41194132,0.45970625,0.51277816,0.8995299,0.78979546,0.623422,0.0,0.60429734,0.0,0.0,0.0,0.5,0.0,0.0,0.0,0.0,0.0,0.0,0.0,0.0,0.99363875,0.61381686,0.9424232,0.91592735,0.9963161,0.2760651,0.011582456,1.0127007e-07,1.0,0.0,0.06451613,0.1455686,0.71428573,0.16303554,0.020477878,0.025791842,0.0,0.33333334,0.0,0.0,0.0,0.999497,0.9793667,0.92076194,0.62856364,1.0,0.9569621,0.9854166,0.0,0.94321656,0.0,0.0,0.0,1.0,0.121570244,0.0040803007,0.004710959,0.0,0.33333334,0.0,1.0,0.0,0.9918014,0.9174218,0.9259193,0.6437354,0.9979528,0.9798549,0.977324,3.883302e-07,1.0,0.0,0.0,0.0,0.0,0.1582365,0.0,0.013364552,0.0,0.33333334,0.0,1.0,0.0,0.9494755,0.99722177,0.9816504,0.62147015,1.0,1.0,1.0,1.4845455e-09,0.98101056,0.0,0.0,0.0,0.5,0.1262951,0.011764896,0.03978158,0.0,0.33333334,0.0,1.0,0.0
496,IS2,1.0,0.71428573,0.0,0.07278193,5.51e-05,0.21848932,0.2170661,0.0,0.0,0.14285715,1.0,0.99884534,1.0,1.0,0.5050535,0.50505006,0.50505006,0.50505,0.89955384,0.860976,0.7367252,0.6669996,0.9999994,0.5610554,0.4149021,0.0,0.8967494,0.0,0.0,0.003781551,0.5,0.083024286,0.01951621,0.010978288,0.0,0.0,0.0,0.0,0.0,0.68943727,0.43682027,0.4649074,0.5146,0.89300615,0.7868891,0.6321805,0.0,0.5921068,0.0,0.0,0.0,0.5,0.0,0.0,0.0,0.0,0.0,0.0,0.0,0.0,1.0,0.6306728,0.96264607,0.9366363,0.996687,0.22951235,0.0,0.0,1.0,0.0,0.06451613,0.1455608,0.71428573,0.164276,0.01824165,0.028989946,0.0,0.33333334,0.0,0.0,0.0,1.0,1.0,0.950682,0.62012607,1.0,0.97190505,0.9996486,0.0,0.9399468,0.0,0.0,0.0,1.0,0.10338858,0.005984632,0.0,0.0,0.33333334,0.0,1.0,0.0,0.9958233,0.94695926,0.970519,0.6496256,0.999244,0.9936928,1.0,0.0,1.0,0.0,0.0,0.0,0.0,0.15489702,0.0,0.008875345,0.0,0.33333334,0.0,1.0,0.0,0.9382171,1.0,1.0,0.64075017,1.0,1.0,1.0,0.0,0.99766684,0.0,0.0,0.0,0.5,0.11304243,0.001340669,0.025030736,0.0,0.33333334,0.0,1.0,0.0
723,GT,0.12903225,0.0,0.0,0.151515,0.333333,0.0,0.0,0.0,0.8,0.2857143,1.0,1.0,1.0,1.0,0.50505,0.50505,0.50505,0.50505,0.969697,0.252525,0.343434,0.575758,1.0,0.757576,0.0,0.0,1.0,0.0,0.032258064,0.0,0.71428573,0.0,0.0,0.0,0.0,0.0,0.42857146,0.0,0.2857143,0.959596,0.50505,0.343434,0.545455,1.0,0.757576,0.0,0.0,0.707071,0.0,0.3548387,0.0,0.5,0.0,0.0,0.010101,0.0,0.0,0.42857146,0.0,0.42857146,0.959596,0.20202,0.292929,0.50505,1.0,0.959596,0.0,0.0,1.0,0.0,0.032258064,0.0,0.5,0.0,0.0,0.0,0.0,0.0,0.42857146,0.0,0.2857143,0.959596,0.525253,0.333333,0.50505,1.0,0.959596,0.0,0.0,0.828283,0.0,0.06451613,0.0,0.5,0.0,0.0,0.0,0.0,0.0,0.42857146,0.0,1.0,0.959596,0.20202,0.282828,0.50505,1.0,0.959596,0.0,0.0,1.0,0.0,0.032258064,0.0,0.0,0.0,0.0,0.0,0.0,0.0,0.42857146,0.0,0.0,0.959596,0.292929,0.262626,0.50505,1.0,0.959596,0.0,0.0,0.79798,0.0,0.032258064,0.0,1.0,0.414141,0.0,0.191919,0.0,0.0,0.42857146,0.0,1.0
723,Flow,0.12903225,0.8571429,0.0,0.2329678,0.3348378,0.0,0.0,0.0,0.8,0.2857143,1.0,0.77824956,1.0,0.72264904,0.52432257,0.5070565,0.49944484,0.50315464,0.98317194,0.361449,0.25878578,0.62661046,1.0,0.768659,0.0,0.0,1.0,0.0,0.032258064,0.0,0.71428573,0.0,0.0,0.0,0.0,0.0,0.42857146,0.0,0.2857143,1.0,0.5967385,0.3851148,0.6903312,1.0,0.7486329,0.04981388,0.0,0.75130534,0.0,0.032258064,0.0,0.5,0.13618544,0.09548026,0.0,0.0,0.0,0.42857146,0.0,1.0,1.0,0.26553237,0.2500955,0.5312938,1.0,0.9022041,0.0,0.0,1.0,0.0,0.032258064,0.0,0.5,0.10964571,0.12316503,0.0,0.0,0.0,0.42857146,0.0,0.2857143,1.0,0.48138756,0.19789451,0.5441208,1.0,0.8394093,0.0,0.0,0.8565291,0.0,0.032258064,0.0,0.5,0.14564805,0.109501675,0.004000768,0.0,0.0,0.42857146,0.0,0.5714286,0.9908501,0.3452136,0.18434718,0.53634197,1.0,0.986857,0.0,0.0,1.0,0.0,0.032258064,0.026168302,0.0,0.10184726,0.0,0.0,0.0,0.0,0.42857146,0.0,0.0,0.9831923,0.37240946,0.20138115,0.50296366,1.0,0.940251,0.0,0.0,0.81655604,0.0,0.032258064,0.0,1.0,0.3849519,0.009643972,0.1780547,0.0,0.0,0.42857146,0.0,0.8571429
723,IS,0.12903225,0.0,0.0,0.24596457,0.17003429,0.02859275,0.08628775,0.0,0.8,0.42857146,1.0,0.9986647,1.0,0.9792519,0.5028835,0.50504994,0.50505,0.5050501,0.7876119,0.15154503,0.1988171,0.46114892,0.999796,0.6904004,0.0013452418,4.813946e-08,0.9438061,0.0,0.032258064,0.005816732,0.71428573,0.0,0.0,0.0,0.0,0.0,0.42857146,0.0,0.0,0.8760966,0.44325945,0.08773665,0.43541947,0.9621515,0.60882485,0.11232213,3.734452e-09,0.6168425,0.0,0.3548387,0.0024890779,0.5,0.0,0.0,0.0,0.0,0.0,0.42857146,0.0,0.42857146,0.9831749,0.13754222,0.08109993,0.4479286,0.99562347,0.8346139,0.0,5.2656574e-08,0.9226888,0.0,0.032258064,0.026098061,0.5,0.0,0.0014497964,0.0,0.0,0.0,0.42857146,0.0,0.2857143,0.9586109,0.4111672,0.056073982,0.35436785,1.0,0.6940661,0.0,0.0,0.896299,0.0,0.06451613,0.0035615657,0.5,0.0,0.0,0.079254426,0.0,0.0,0.42857146,0.0,1.0,1.0,0.40834343,0.22433163,0.38876277,1.0,0.76982665,0.047604326,0.0,1.0,0.0,0.032258064,0.0,0.0,0.0019506972,0.01654663,0.032581396,0.0,0.0,0.42857146,1.0,0.0,0.98115945,0.34222513,0.0667819,0.37857357,0.9930636,0.73456526,0.0,1.512376e-07,0.7342865,0.0,0.032258064,0.0,1.0,0.28828838,0.0,0.092453286,0.0,0.0,0.42857146,0.0,1.0
723,IS2noITF,0.12903225,0.0,0.0,0.1946539,0.25571588,0.0,0.09064217,0.0,0.8,0.42857146,1.0,0.926505,0.99068046,0.92992926,0.5050497,0.50505,0.5050498,0.50505,0.729152,0.26809886,0.13898245,0.4580246,0.9999995,0.7189149,0.0,7.1810916e-08,0.9625668,0.0,0.032258064,0.0,0.71428573,0.07476025,0.0,0.0,0.0,0.0,0.42857146,0.0,0.0,0.73332185,0.37087822,0.13376953,0.42098317,0.95342994,0.7152847,0.049346782,0.0,0.6613141,0.0,0.3548387,0.0070371623,0.5,0.0,0.0,0.00914874,0.0,0.0,0.42857146,0.0,0.42857146,0.9152824,0.14292522,0.17956272,0.45369938,1.0,0.93938917,0.03431701,8.6435826e-08,0.9930933,0.0,0.032258064,0.0,0.5,0.036469724,0.0,0.0,0.0,0.0,0.42857146,0.0,0.2857143,0.9354318,0.4493191,0.18342355,0.43355027,1.0,0.8061897,0.0,0.0,0.8376426,0.0,0.06451613,0.03277857,0.5,0.046942774,0.0,0.05056472,0.0,0.0,0.42857146,0.0,1.0,0.93272287,0.21508162,0.21907109,0.43432453,1.0,0.7631071,0.0,3.1025903e-07,0.998854,0.0,0.032258064,0.0,0.0,0.005557583,0.0035302117,0.044474017,0.0,0.0,0.42857146,0.0,0.0,0.93428475,0.16345523,0.24414945,0.43466684,1.0,0.8067415,0.0,2.427831e-07,0.69232255,0.0,0.032258064,0.0230228,1.0,0.3830604,0.0,0.06904033,0.0,0.0,0.42857146,0.0,1.0
723,IS2,0.12903225,0.0,0.0,0.19582327,0.2714288,0.0,0.07924947,0.0,0.8,0.42857146,1.0,0.9223637,0.9861758,0.9292755,0.5050476,0.50505,0.50504994,0.50505,0.7286179,0.25291523,0.122331835,0.4523728,0.9999999,0.70491344,0.0,7.22e-08,0.9602601,0.0,0.032258064,0.0,0.71428573,0.06031794,0.0,0.0,0.0,0.0,0.42857146,0.0,0.0,0.7337195,0.357102,0.12736729,0.41209212,0.95530266,0.6895072,0.028095191,1.26e-08,0.64027196,0.0,0.3548387,0.005267425,0.5,0.0,0.0,0.009177428,0.0,0.0,0.42857146,0.0,0.42857146,0.91725415,0.120404944,0.16486846,0.4516187,1.0,0.94627506,0.01831348,0.0,0.99607813,0.0,0.032258064,0.0,0.5,0.017060358,0.0,0.0,0.0,0.0,0.42857146,0.0,0.2857143,0.94214964,0.44286117,0.16263482,0.42701358,1.0,0.8133373,0.0,0.0,0.8235419,0.0,0.032258064,0.020380432,0.5,0.044150144,0.0,0.052513704,0.0,0.0,0.42857146,0.0,1.0,0.949109,0.21604493,0.20987064,0.4329883,1.0,0.75042504,0.0,1.66e-07,1.0,0.0,0.032258064,0.0,0.0,0.0,0.002640694,0.045667954,0.0,0.0,0.42857146,0.0,0.0,0.9462379,0.15871191,0.2525371,0.43534574,1.0,0.8056428,0.0,1.23e-07,0.683715,0.0,0.032258064,0.034250725,1.0,0.3841286,0.0,0.065579206,0.0,0.0,0.42857146,0.0,1.0
2536,GT,0.0,1.0,1.0,0.424242,0.585859,0.0,0.0,1.0,0.8,0.42857146,1.0,1.0,1.0,1.0,0.50505,0.50505,0.50505,0.50505,0.747475,0.464646,0.0,1.0,0.969697,1.0,0.858586,0.0,1.0,0.0,0.09677419,0.0,0.5,0.151515,0.0,0.0,0.0,0.33333334,0.0,0.0,0.0,0.515152,0.464646,0.0,0.676768,0.969697,1.0,0.858586,0.0,0.828283,0.0,0.06451613,0.0,0.5,0.151515,0.0,0.060606,0.0,0.33333334,0.0,0.0,0.0,1.0,0.181818,0.090909,0.616162,1.0,0.787879,0.0,0.0,1.0,0.0,0.06451613,0.0,0.5,0.0,0.0,0.0,0.0,0.33333334,0.0,0.0,0.0,1.0,1.0,0.0,0.616162,1.0,1.0,0.0,0.0,0.868687,0.0,0.032258064,0.0,0.5,0.0,0.0,0.151515,0.0,0.33333334,0.0,0.0,0.0,0.989899,1.0,0.0,0.616162,1.0,1.0,0.0,0.0,0.777778,0.0,0.032258064,0.0,0.5,0.0,0.0,0.121212,0.0,0.33333334,0.0,0.0,0.0,1.0,1.0,0.0,0.474747,1.0,1.0,0.0,0.0,0.585859,0.0,0.22580644,0.0,0.5,1.0,0.0,0.080808,1.0,0.0,0.0,0.0,0.0
2536,Flow,0.0,1.0,1.0,0.33119598,0.3130428,0.0,0.078592196,0.0,0.8,0.42857146,1.0,1.0,1.0,0.90619606,0.5522238,0.53099495,0.530152,0.5248541,0.80374736,0.56001383,0.15366969,0.7394053,1.0,1.0,0.71583045,0.0,0.9484986,0.0,0.032258064,0.0,0.5,0.23988105,0.0,0.0,0.0,0.33333334,0.0,0.0,0.0,0.7656335,0.47097635,0.12649438,0.6813132,1.0,1.0,0.67183065,0.0,0.72992706,0.0,0.06451613,0.0,0.5,0.12964916,0.0,0.20154312,0.0,0.33333334,0.0,0.0,0.0,0.88970387,0.40097067,0.14205498,0.6729984,1.0,1.0,0.06056959,0.0,1.0,0.0,0.06451613,0.0,0.5,0.11896729,0.0,0.0,0.0,0.33333334,0.0,0.0,0.0,0.8958561,0.78816444,0.056500908,0.71612114,1.0,1.0,0.0026329681,0.0,0.97714525,0.0,0.032258064,0.0,0.5,0.24567048,0.0,0.1052398,0.0,0.33333334,0.0,0.0,0.0,0.8746052,0.6956665,0.18060902,0.6387134,1.0,1.0,0.0,0.0,0.8190531,0.0,0.032258064,0.0,0.5,0.07515976,0.0,0.0549813,0.0,0.33333334,0.0,0.0,0.0,1.0,0.7238833,0.045975767,0.52158546,0.9639698,1.0,0.0,0.0,0.7800728,0.0,0.22580644,0.0,0.5,0.3425476,0.0,0.08104134,1.0,0.0,0.0,0.0,0.0
2536,IS,0.0,1.0,1.0,0.4284058,0.48389906,0.013342023,0.056863863,0.0,0.8,0.42857146,0.9458638,1.0,1.0,1.0,0.5039808,0.50505006,0.50505006,0.5050501,0.7006498,0.45577818,0.02087256,0.7611662,0.9995664,1.0,0.79023933,2.7809563e-08,0.9974327,0.0,0.09677419,0.01155083,0.5,0.18513598,0.0,0.012036708,0.0,0.33333334,0.0,0.0,0.0,0.49448696,0.5076431,0.0,0.6598397,0.95315194,1.0,0.7730438,8.3138225e-09,0.8152908,0.0,0.06451613,0.0,0.5,0.115136795,0.0032130014,0.07081106,0.0,0.33333334,0.0,0.0,0.0,0.97522604,0.31116787,0.06139106,0.6023205,1.0,0.89768285,0.13915387,6.3976564e-08,0.960667,0.0,0.06451613,0.0058417753,0.5,0.0,0.036389057,0.0,0.0,0.33333334,0.0,0.0,0.0,0.97103417,1.0,0.01369757,0.59469086,0.97103643,1.0,0.0,0.0,0.8685464,0.0,0.032258064,0.0040243124,0.5,0.033355106,0.0,0.16915846,0.0,0.33333334,0.0,0.0,0.0,0.97475195,0.93280506,0.023984294,0.58571607,1.0,1.0,0.09688381,0.0,0.7978289,0.0,0.032258064,0.0,0.5,0.009232706,0.015759677,0.157129,0.0,0.33333334,0.0,0.0,0.0,0.923824,0.87755805,0.012436511,0.5036213,1.0,0.9366222,0.0965063,0.0,0.59828454,0.0,0.22580644,0.0,0.5,0.48320016,0.035962023,0.124480896,1.0,0.0,0.0,0.0,0.0
2536,IS2noITF,0.0,1.0,1.0,0.47054574,0.51635545,0.0030098855,0.0,0.0,0.8,0.42857146,1.0,1.0,1.0,1.0,0.5050496,0.50505,0.5050498,0.50504994,0.73909503,0.48762265,0.025125189,0.76350856,0.9999991,0.99764776,0.76012117,7.3460676e-08,0.9911689,0.0,0.09677419,0.0,0.5,0.1762483,0.0,0.0049316525,0.0,0.33333334,0.0,0.0,0.0,0.5791043,0.4773488,0.0,0.6908732,0.9604098,1.0,0.7603165,0.0,0.8138559,0.0,0.06451613,0.0,0.5,0.13637395,0.02200786,0.057465896,0.0,0.33333334,0.0,0.0,0.0,0.9634807,0.26850945,0.15780953,0.6305247,1.0,0.857439,0.07169119,9.400384e-08,0.96862006,0.0,0.06451613,0.0,0.5,0.015204694,0.02094771,0.00028453284,0.0,0.33333334,0.0,0.0,0.0,0.99249846,0.90948534,0.0073494827,0.6214627,1.0,0.98598075,0.0,0.0,0.876363,0.0,0.032258064,0.0,0.5,0.0027591425,0.0,0.17265363,0.0,0.33333334,0.0,0.0,0.0,0.9663932,0.9637285,0.008100821,0.6000995,1.0,1.0,0.044700064,3.0655494e-07,0.80680746,0.0,0.032258064,0.0,0.5,0.009438956,0.025969792,0.1372073,0.0,0.33333334,0.0,0.0,0.0,0.93720305,0.91824836,0.0,0.5522531,1.0,0.94661963,0.0,2.3855094e-07,0.63703233,0.0,0.22580644,0.0,0.5,0.5915185,0.05529711,0.13952957,1.0,0.0,0.0,0.0,0.0
2536,IS2,0.0,1.0,1.0,0.4732541,0.54735804,0.0,0.0,0.0,0.8,0.42857146,1.0,1.0,1.0,1.0,0.505046,0.50505,0.50505006,0.50505,0.7397457,0.49307323,0.004333111,0.77805793,0.9999993,0.9932771,0.77347004,3.21e-08,0.99262154,0.0,0.09677419,0.0,0.5,0.16995655,0.0,0.00640188,0.0,0.33333334,0.0,0.0,0.0,0.5694932,0.48202822,0.0,0.6858597,0.9654505,1.0,0.7676798,1.86e-07,0.82283586,0.0,0.06451613,0.0,0.5,0.12719196,0.021959633,0.06320996,0.0,0.33333334,0.0,0.0,0.0,0.9762966,0.24771273,0.14294858,0.6413167,1.0,0.8474691,0.029835328,0.0,0.9750521,0.0,0.06451613,0.0,0.5,0.015484251,0.021348882,0.0,0.0,0.33333334,0.0,0.0,0.0,0.99574137,0.9257445,0.0,0.62342805,1.0,0.9949114,0.0,0.0,0.8593093,0.0,0.032258064,0.0,0.5,0.0,0.0,0.18024449,0.0,0.33333334,0.0,0.0,0.0,0.976764,0.9976532,0.0,0.6117928,1.0,1.0,0.0,1.09e-08,0.7998288,0.0,0.032258064,0.0,0.5,0.00437212,0.023818076,0.14093675,0.0,0.33333334,0.0,0.0,0.0,0.93161047,0.9453923,0.0,0.5592826,1.0,0.94473517,0.0,7.05e-08,0.6201989,0.0,0.22580644,0.0,0.5,0.6189624,0.053092096,0.15203467,1.0,0.0,0.0,0.0,0.0
2539,GT,0.6774193,1.0,1.0,0.363636,0.0,0.070707,0.0,0.0,0.8,0.42857146,0.848485,0.959596,0.959596,0.606061,0.50505,0.50505,0.50505,0.50505,0.787879,0.767677,1.0,0.717172,1.0,1.0,0.959596,0.0,1.0,0.0,0.06451613,0.0,0.5,0.393939,0.0,0.0,1.0,1.0,0.0,0.0,0.0,0.818182,0.424242,0.232323,0.717172,1.0,1.0,0.89899,0.0,0.717172,0.0,0.06451613,0.0,0.5,0.272727,0.0,0.0,1.0,0.33333334,0.0,0.0,0.0,0.737374,0.767677,0.212121,0.717172,1.0,0.89899,0.89899,0.0,1.0,0.0,0.06451613,0.0,0.5,0.393939,0.0,0.0,1.0,1.0,0.0,0.0,0.0,0.79798,0.767677,1.0,0.717172,1.0,1.0,0.969697,0.0,1.0,0.0,0.06451613,0.0,0.5,0.393939,0.0,0.0,1.0,1.0,0.0,0.0,0.0,0.858586,0.767677,1.0,0.717172,1.0,1.0,0.969697,0.0,0.989899,0.0,0.06451613,0.0,0.5,0.0,0.0,0.0,1.0,1.0,0.0,0.0,0.0,0.787879,0.424242,0.232323,0.717172,1.0,1.0,0.656566,0.0,0.69697,0.0,0.19354838,0.0,0.5,0.171717,0.282828,0.0,0.0,0.33333334,0.0,0.0,0.0
2539,Flow,0.6774193,1.0,1.0,0.40896982,0.028881878,0.0,0.0,0.0,0.8,0.42857146,0.83538115,0.9817746,0.93895054,0.63691944,0.5158003,0.4955425,0.5112677,0.49504557,0.83259857,0.6997036,0.7477836,0.6615857,1.0,0.94088906,1.0,0.0,1.0,0.0,0.06451613,0.0,0.5,0.5031874,0.0,0.030713528,1.0,1.0,0.0,0.0,0.0,0.8179239,0.44972092,0.36750236,0.6152485,0.9963666,0.7857963,0.7890719,0.0,0.7969588,0.0,0.06451613,0.008552678,0.5,0.3682741,0.0,0.17911479,1.0,0.33333334,0.0,0.0,0.0,0.8511882,0.6856745,0.7490938,0.662583,1.0,1.0,1.0,0.0,0.98275965,0.0,0.06451613,0.0,0.5,0.44589782,0.0,0.0,1.0,1.0,0.0,0.0,0.0,0.87402904,0.59854114,0.69672114,0.6606202,1.0,0.96860224,1.0,0.0,0.8762576,0.0,0.06451613,0.0,0.5,0.4674359,0.0,0.14407493,1.0,1.0,0.0,0.0,0.0,0.88722235,0.5939267,0.78470117,0.71900177,1.0,1.0,1.0,0.0,0.8986552,0.0,0.06451613,0.0,0.5,0.39423415,0.0,0.0,1.0,1.0,0.0,0.0,0.0,0.82709193,0.56028885,0.43540034,0.6637025,1.0,0.8995086,0.75678825,0.0,0.7661727,0.0,0.06451613,0.0,0.5,0.31872058,0.0,0.37985858,1.0,0.33333334,0.0,0.0,0.0
2539,IS,0.6774193,1.0,1.0,0.35355824,0.12371312,0.0362954,0.0,0.0,0.8,0.42857146,0.901096,0.9180567,0.9019764,0.6626872,0.50428283,0.5050499,0.50505006,0.5050502,0.8187973,0.8022927,0.9634009,0.71730435,1.0,0.95822704,0.98960435,2.7923406e-08,1.0,0.0,0.06451613,0.0,0.5,0.42213205,0.038921256,0.03753548,1.0,1.0,0.0,0.0,0.0,0.8033284,0.53093463,0.38006383,0.7209961,0.9952036,0.92401606,0.95684433,7.4185182e-09,0.8459916,0.0,0.06451613,0.010903625,0.5,0.17542116,0.0,0.052479494,1.0,0.33333334,0.0,0.0,0.0,0.8053097,0.7470382,0.4726212,0.7224781,1.0,0.9011475,0.8330222,6.224592e-08,1.0,0.0,0.06451613,0.00985628,0.5,0.43157843,0.0681853,0.0,1.0,1.0,0.0,0.0,0.0,0.862265,0.84695244,1.0,0.65737087,0.97922826,1.0,1.0,0.0,0.94673043,0.0,0.06451613,0.023548177,0.5,0.37876752,0.0,0.0,1.0,1.0,0.0,0.0,0.0,0.81341016,0.69185305,0.8855606,0.7479742,0.99861157,1.0,1.0,0.0,0.9476679,0.0,0.06451613,0.0,0.5,0.020030979,0.0,0.0,1.0,1.0,0.0,0.0,0.0,0.82747126,0.3754716,0.34870484,0.66120523,0.9925624,0.9177818,0.63246167,3.778071e-08,0.70603234,0.0,0.19354838,0.0077701635,0.5,0.18442895,0.03641156,0.0071745794,0.0,0.33333334,0.0,0.0,0.0
2539,IS2noITF,0.6774193,1.0,1.0,0.37279385,0.068835236,0.08289324,0.0,0.0,0.8,0.42857146,0.88119537,0.9389818,0.9441765,0.6785299,0.5050498,0.50505006,0.5050499,0.50504994,0.8336965,0.71291876,0.8225727,0.712516,0.9999999,0.89948815,1.0,7.951936e-08,0.9906164,0.0,0.06451613,0.0,0.5,0.38120598,0.0,0.0,1.0,1.0,0.0,0.0,0.0,0.7748761,0.5292243,0.27431265,0.73062223,0.9899001,0.9686767,0.94060546,0.0,0.80364776,0.0,0.06451613,0.00728329,0.5,0.2168083,0.010259634,0.0,1.0,0.33333334,0.0,0.0,0.0,0.76360285,0.7923364,0.47579134,0.67508113,0.9936386,0.96300805,0.9332617,1.1154284e-07,1.0,0.0,0.06451613,0.035879694,0.5,0.39717403,0.011587316,0.0,1.0,1.0,0.0,0.0,0.0,0.8589504,0.64507043,0.90379006,0.6341822,0.9813503,0.98057693,0.95208985,0.0,0.941578,0.0,0.06451613,0.0,0.5,0.3369993,0.0,0.0,1.0,1.0,0.0,0.0,0.0,0.8329154,0.69169736,0.82955116,0.6568933,0.99255157,0.9839031,1.0,4.131791e-07,0.94916564,0.0,0.06451613,0.0,0.5,0.019872423,0.0,0.0,1.0,1.0,0.0,0.0,0.0,0.83764005,0.4127032,0.33698115,0.72165585,0.9831228,1.0,0.7564399,0.0,0.6576939,0.0,0.19354838,0.0,0.5,0.093878925,0.089176655,0.0,0.0,0.33333334,0.0,0.0,0.0
2539,IS2,0.6774193,1.0,1.0,0.37290996,0.06454022,0.078185156,0.0,0.0,0.8,0.42857146,0.88436216,0.94109285,0.9449355,0.67604125,0.50505036,0.5050501,0.50505006,0.50505,0.8377044,0.7207846,0.84345895,0.7223374,1.0,0.8929359,1.0,0.0,0.9908547,0.0,0.06451613,0.0,0.5,0.3963921,0.0,0.0,1.0,1.0,0.0,0.0,0.0,0.77022505,0.53402936,0.28179032,0.7307992,0.9925775,0.9664741,0.9381479,1.23e-07,0.80681473,0.0,0.06451613,0.003399864,0.5,0.21411449,0.009819861,0.0,1.0,0.33333334,0.0,0.0,0.0,0.7595237,0.80721253,0.49457657,0.6865957,0.9938519,0.95999116,0.9416852,7.5e-08,1.0,0.0,0.06451613,0.02679761,0.5,0.398253,0.00652304,0.0,1.0,1.0,0.0,0.0,0.0,0.8659296,0.651576,0.9387789,0.6382824,0.986797,0.98862296,0.97342646,0.0,0.9376707,0.0,0.06451613,0.001251814,0.5,0.34780675,0.0,0.0,1.0,1.0,0.0,0.0,0.0,0.8452575,0.7039588,0.86047024,0.6679873,0.9947957,0.9884662,1.0,0.0,0.9550748,0.0,0.06451613,0.0,0.5,0.009491645,0.0,0.00305626,1.0,1.0,0.0,0.0,0.0,0.85306376,0.43189514,0.3561749,0.7314524,0.98686254,1.0,0.75880677,0.0,0.636439,0.0,0.19354838,0.0,0.5,0.08447894,0.08347238,0.0,0.0,0.33333334,0.0,0.0,0.0
2879,GT,0.032258064,1.0,1.0,0.343434,0.333333,0.171717,0.717172,0.0,0.8,0.14285715,0.949495,0.676768,0.959596,0.606061,0.50505,0.50505,0.50505,0.50505,0.545455,0.333333,0.20202,0.424242,1.0,0.929293,0.848485,0.0,1.0,1.0,0.0,0.222222,0.0,0.0,0.0,0.0,0.0,0.0,0.2857143,0.0,0.14285715,1.0,0.222222,0.0,0.414141,1.0,0.979798,0.939394,0.0,0.737374,0.0,0.06451613,0.0,0.071428575,0.0,0.0,0.040404,0.0,0.0,0.14285715,0.0,0.0,0.535354,0.333333,0.20202,0.464646,1.0,0.929293,0.848485,0.0,1.0,1.0,0.0,0.292929,0.0,0.0,0.0,0.0,0.0,0.0,0.2857143,0.0,0.0,1.0,0.464646,0.0,0.282828,1.0,0.939394,0.878788,0.0,0.848485,0.0,0.06451613,0.0,0.35714287,0.545455,0.0,0.0,0.0,0.0,0.14285715,0.0,0.14285715,1.0,0.464646,0.0,0.282828,1.0,0.939394,0.878788,0.0,0.69697,0.0,0.06451613,0.0,1.0,0.252525,0.0,0.242424,0.0,0.0,0.14285715,0.0,0.0,1.0,0.464646,0.0,0.282828,1.0,0.939394,0.878788,0.0,0.50505,0.0,0.32258064,0.0,1.0,0.161616,0.0,0.242424,0.0,0.0,0.14285715,0.0,0.0
2879,Flow,0.032258064,1.0,1.0,0.3661394,0.3058591,0.23829705,0.69218737,0.0,0.8,0.2857143,0.88801086,0.76503265,0.84598166,0.55120873,0.5007132,0.50136733,0.5181695,0.49838018,0.58509195,0.38166428,0.1509425,0.40984,1.0,1.0,0.86196303,0.0,1.0,1.0,0.0,0.15824437,0.0,0.2350508,0.0,0.0,0.0,0.0,0.2857143,0.0,0.14285715,0.99960995,0.28406215,0.012341917,0.29335892,1.0,1.0,0.99866354,0.0,0.7873926,0.0,0.06451613,0.0,0.071428575,0.34662902,0.0,0.0,0.0,0.0,0.14285715,0.0,0.0,0.6588943,0.34556413,0.1722973,0.3837669,1.0,0.9859098,0.9681378,0.0,0.97730553,1.0,0.0,0.13369405,0.0,0.02780366,0.0,0.0,0.0,0.0,0.2857143,0.0,0.0,0.8354324,0.40859997,0.07049364,0.3035239,1.0,1.0,0.95513505,0.0,0.84015834,0.0,0.06451613,0.0,0.35714287,0.54021025,0.0,0.0,0.0,0.0,0.14285715,0.0,0.14285715,0.91922677,0.49260247,0.050040543,0.36240792,1.0,1.0,0.9636457,0.0,0.74231076,0.0,0.06451613,0.0,1.0,0.38865292,0.0,0.05274141,0.0,0.0,0.14285715,0.0,0.0,0.9188133,0.45551014,0.11686635,0.33395326,1.0,1.0,1.0,0.0,0.7168604,0.0,0.32258064,0.032157183,1.0,0.4147719,0.0,0.14097095,0.0,0.0,0.14285715,0.0,0.0
2879,IS,0.032258064,1.0,1.0,0.35838592,0.30036375,0.16363488,0.4093288,0.0,0.8,0.14285715,0.77790445,0.59496963,0.7591076,0.53227603,0.5038635,0.50505006,0.5050501,0.5050501,0.5520188,0.35042152,0.17399739,0.4074781,0.99998057,1.0,0.7840425,2.9017112e-08,0.9921102,1.0,0.0,0.16480479,0.0,0.025917752,0.0,0.0,0.0,0.0,0.2857143,0.0,0.14285715,0.94044703,0.14480181,0.0,0.26414484,0.9748345,0.95889205,0.92195064,1.7062003e-09,0.7199223,0.0,0.06451613,0.0,0.071428575,0.14673334,0.0,0.0,0.0,0.0,0.14285715,0.0,0.0,0.52740115,0.32286486,0.110923685,0.39163306,0.9982971,1.0,0.8567664,6.1640996e-08,0.98000443,1.0,0.0,0.1943061,0.0,0.14070547,0.0,0.0,0.0,0.0,0.2857143,0.0,0.0,0.89406437,0.3722313,0.0,0.22984512,0.98253155,0.9095348,0.83403355,0.0,0.84153575,0.0,0.06451613,0.0,0.35714287,0.56448025,0.0,0.0,0.0,0.0,0.14285715,0.0,0.14285715,0.86124575,0.34002566,0.0,0.26587653,0.9765932,0.8647571,0.7348467,0.0,0.7428721,0.0,0.06451613,0.0,1.0,0.3179865,0.0,0.18080038,0.0,0.0,0.14285715,0.0,0.0,0.8725729,0.32864812,0.036364246,0.31225008,0.98097926,0.8966745,0.75973475,0.0,0.56230474,0.0,0.32258064,0.0,1.0,0.3109085,0.0,0.2196439,0.0,0.0,0.14285715,0.0,0.0
2879,IS2noITF,0.032258064,1.0,1.0,0.3206567,0.25856036,0.15899624,0.61154616,0.0,0.8,0.14285715,0.88081896,0.65925276,0.8589266,0.5954182,0.50505006,0.50505006,0.5050499,0.50504994,0.5477516,0.3033997,0.15797749,0.40401992,0.99999964,0.96504676,0.82727015,7.635886e-08,0.9948353,1.0,0.0,0.2144731,0.0,0.12423842,0.0,0.0,0.0,0.0,0.2857143,0.0,0.14285715,0.8924465,0.23469025,0.0,0.32423624,1.0,0.9415923,0.94087654,0.0,0.7103373,0.0,0.06451613,0.04605024,0.071428575,0.002085224,0.0,0.013983542,0.0,0.0,0.14285715,0.0,0.0,0.53729874,0.35054988,0.14893255,0.39002118,0.99992055,0.9274618,0.77101445,1.02797486e-07,0.94724804,1.0,0.0,0.2236991,0.0,0.048972145,0.09210009,0.032490917,0.0,0.0,0.2857143,0.0,0.0,0.95297706,0.55696714,0.0,0.28175697,0.9689298,0.8767926,0.8222957,0.0,0.8104665,0.0,0.06451613,0.04111837,0.35714287,0.5855496,0.0,0.0,0.0,0.0,0.14285715,0.0,0.14285715,0.94386816,0.60176057,0.057109386,0.27148393,0.996495,0.97733915,0.8119381,3.62536e-07,0.7116183,0.0,0.06451613,0.0,1.0,0.21568583,0.01164326,0.22631311,0.0,0.0,0.14285715,0.0,0.0,0.89254934,0.57039994,0.06304724,0.3346346,0.9942175,0.98745584,0.722823,0.0,0.56495625,0.0,0.32258064,0.0,1.0,0.16868682,0.006996708,0.2798561,0.0,0.0,0.14285715,0.0,0.0
2879,IS2,0.032258064,1.0,1.0,0.31425667,0.26104465,0.16245106,0.6240785,0.0,0.8,0.14285715,0.88846153,0.65443254,0.8570953,0.58783203,0.50505376,0.50505006,0.50505,0.50505,0.5355895,0.297407,0.15492049,0.39907303,0.99999994,0.95457524,0.8419577,2.31e-07,0.9962172,1.0,0.0,0.21907163,0.0,0.123931676,0.0,0.0,0.0,0.0,0.2857143,0.0,0.14285715,0.8924767,0.23557091,0.0,0.3142733,1.0,0.9375617,0.95352286,0.0,0.708256,0.0,0.06451613,0.040580593,0.071428575,0.0,0.0,0.011821267,0.0,0.0,0.14285715,0.0,0.0,0.5314879,0.35466418,0.14298245,0.38979426,1.0,0.9192164,0.7798317,0.0,0.9484768,1.0,0.0,0.21552682,0.0,0.04650949,0.081437714,0.010600868,0.0,0.0,0.2857143,0.0,0.0,0.9549444,0.5528887,0.0,0.27649182,0.9730102,0.8637662,0.8128888,1.99e-07,0.8038825,0.0,0.06451613,0.034589678,0.35714287,0.60741574,0.0,0.0,0.0,0.0,0.14285715,0.0,0.14285715,0.9518094,0.61942375,0.048062436,0.2665903,0.99807566,0.98551023,0.8189687,1.28e-08,0.70223665,0.0,0.06451613,0.0,1.0,0.22325613,0.004532035,0.23870218,0.0,0.0,0.14285715,0.0,0.0,0.90036273,0.57880163,0.06733007,0.3394697,0.9960737,0.9871369,0.7252325,0.0,0.55019,0.0,0.32258064,0.0,1.0,0.17607193,0.0,0.29780188,0.0,0.0,0.14285715,0.0,0.0
3186,GT,0.9032258,0.8571429,1.0,0.0,0.0,0.0,0.0,0.0,0.8,0.42857146,0.848485,0.959596,0.959596,0.606061,0.50505,0.50505,0.50505,0.50505,1.0,0.262626,0.252525,0.616162,1.0,0.989899,0.707071,0.0,1.0,0.0,0.06451613,0.0,0.5,0.393939,0.0,0.0,1.0,1.0,0.71428573,0.0,0.0,1.0,0.585859,0.424242,0.464646,1.0,0.989899,1.0,0.0,0.89899,0.0,0.0,0.0,0.5,0.0,0.0,0.0,1.0,1.0,0.71428573,0.0,0.14285715,1.0,0.393939,0.323232,0.717172,1.0,0.989899,0.959596,0.0,1.0,0.0,0.0,0.0,0.5,0.393939,0.0,0.0,1.0,1.0,0.0,0.0,0.0,1.0,0.808081,0.707071,0.717172,1.0,0.989899,0.929293,0.0,0.969697,0.0,0.0,0.0,0.5,0.393939,0.0,0.0,1.0,0.0,0.8571429,0.0,0.0,1.0,0.393939,0.323232,0.717172,1.0,0.989899,0.707071,0.0,1.0,0.0,0.0,0.0,0.5,0.393939,0.0,0.0,1.0,1.0,0.0,0.0,0.0,1.0,0.393939,0.323232,0.717172,1.0,0.989899,0.707071,0.0,0.868687,0.0,0.0,0.0,0.5,0.393939,0.0,0.59596,1.0,0.0,0.0,0.0,0.0
3186,Flow,0.12903225,0.71428573,1.0,0.353802,0.19218314,0.10891551,0.0,0.0,0.8,0.42857146,0.87608516,0.9047437,1.0,0.85125124,0.515447,0.49167526,0.49976593,0.4904741,0.88116175,0.75897264,0.6925657,0.71901166,1.0,0.9743739,0.9758222,0.0,1.0,0.0,0.0,0.0,0.5,0.27921236,0.0,0.22738153,0.0,0.0,0.0,0.0,0.0,0.9092033,0.74837124,0.64770246,0.6606048,0.9709219,0.9326502,1.0,0.0,0.8399774,0.0,0.0,0.030578882,0.5,0.28615987,0.09488927,0.20433863,0.0,0.0,0.0,0.0,0.0,0.9147875,0.7941155,0.70192957,0.6878275,1.0,0.9765652,0.9759297,0.0,0.97561,0.0,0.0,0.04870449,0.5,0.2983311,0.07571168,0.10953362,0.0,0.0,0.0,0.0,0.0,0.93703884,0.7491941,0.7566534,0.7381255,1.0,0.991959,0.945749,0.0,0.88849914,0.0,0.0,0.0,0.5,0.2784132,0.06830159,0.12633994,0.0,0.0,0.0,0.0,0.0,0.89134264,0.8025781,0.77254444,0.71869254,1.0,1.0,0.989852,0.0,0.87105536,0.0,0.0,0.0,0.5,0.25752807,0.017466232,0.056998596,0.0,0.0,0.0,0.0,0.0,0.8420113,0.7441778,0.6319257,0.66752976,0.96992064,1.0,0.8768849,0.0,0.7539426,0.0,0.0,0.0,0.5,0.36283746,0.12874177,0.28911904,0.0,0.0,0.0,0.0,0.0
3186,IS,0.6774193,0.5714286,1.0,0.38731253,0.060904205,0.031771652,0.07434252,1.0,0.8,0.42857146,0.5413904,0.6488404,0.6943815,0.4330181,0.5061073,0.5050501,0.5050502,0.5050501,0.8778379,0.6214154,0.97064584,0.7103216,0.9999427,0.91455495,0.9225101,2.2177288e-08,0.9837802,0.0,0.0,0.0,1.0,0.15119167,0.0,0.024275502,0.0,1.0,0.42857146,0.0,0.0,0.86094975,0.3949159,0.5243877,0.7061422,0.9612413,0.69644195,0.8755209,1.6460143e-08,0.85582453,0.0,0.0,0.0,0.5,0.35102555,0.028195666,0.20779726,1.0,0.33333334,0.0,0.0,0.0,0.7848017,0.5145345,0.63733196,0.7209965,1.0,0.6901914,0.85024196,6.2860536e-08,0.9958885,0.0,0.0,0.0,0.5,0.29139158,0.02789541,0.0,1.0,1.0,0.0,0.0,0.0,0.85873425,0.5613877,0.6761946,0.72223085,1.0,0.8251136,0.79671097,0.0,0.88864064,0.0,0.0,0.0,0.5,0.23508638,0.0,0.039091673,1.0,1.0,0.0,0.0,0.0,0.86198395,0.66548485,0.92094433,0.7321326,0.9684768,1.0,0.984997,0.0,0.95206857,0.0,0.0,0.0,0.0,0.27213648,0.0,0.08747562,1.0,0.0,0.0,0.0,0.0,0.7693492,0.42316765,0.5694638,0.71855444,1.0,0.93427163,1.0,2.8042662e-09,0.7729439,1.0,0.0,0.011262284,0.5,0.17523439,0.18702559,0.24732913,1.0,0.33333334,0.0,0.0,0.0
3186,IS2noITF,0.6774193,1.0,1.0,0.21348797,0.2522489,0.070183516,0.050931282,1.0,0.0,0.42857146,0.8057398,0.7094755,0.77500254,0.6610253,0.5050498,0.50505,0.5050498,0.50504994,0.8294572,0.7331205,1.0,0.73839754,0.99999964,0.98634034,0.97533363,7.000798e-08,0.9779101,0.0,0.06451613,0.0,0.5,0.1776095,0.0,0.12323374,1.0,1.0,0.42857146,0.0,0.0,0.7439806,0.53560174,0.57187724,0.7477412,0.9681428,0.9134003,0.87480193,0.0,0.8167345,0.0,0.0,0.0,0.5,0.36741355,0.023835734,0.15951018,1.0,0.33333334,0.0,0.0,0.0,0.9020095,0.75144917,0.7256072,0.70485413,0.99846286,0.82071036,0.76964825,9.5524506e-08,1.0,0.0,0.0,0.0,0.5,0.37312102,0.054441635,0.08238257,1.0,1.0,0.0,0.0,0.0,0.9957509,0.6113882,0.7098497,0.7012845,0.97192734,1.0,0.78803784,0.0,0.9895668,0.0,0.06451613,0.0,0.5,0.21663147,0.007927129,0.022095375,1.0,1.0,0.14285715,0.0,0.0,0.8433356,0.5927926,0.79120237,0.7753145,0.9721839,1.0,0.8575188,3.4939885e-07,0.920328,0.0,0.0,0.002859049,0.5,0.43711174,0.09344622,0.0,1.0,1.0,0.14285715,0.0,0.0,0.8036324,0.5802089,0.70354044,0.74115556,1.0,1.0,1.0,5.645413e-09,0.75828093,0.0,0.0,0.050717965,0.5,0.4134083,0.1888194,0.18444733,0.33333334,0.33333334,0.71428573,1.0,0.0
3186,IS2,0.6774193,1.0,1.0,0.21208295,0.25054953,0.05692466,0.04513311,1.0,0.0,0.42857146,0.8085592,0.6983792,0.77347755,0.65237373,0.50505006,0.50505006,0.50505,0.50505,0.8336773,0.751541,1.0,0.7521745,0.9999996,0.9884673,0.98886645,3.26e-08,0.9778773,0.0,0.06451613,0.0,0.5,0.19067003,0.0,0.12798338,0.0,1.0,0.42857146,0.0,0.0,0.71638834,0.5284374,0.5835768,0.7692569,0.9649272,0.91514474,0.8870414,1.7e-07,0.8181474,0.0,0.0,0.0,0.5,0.36728102,0.026234627,0.15986435,1.0,0.33333334,0.0,0.0,0.0,0.91345626,0.76599693,0.7367075,0.7245026,0.9995407,0.80505663,0.7433393,0.0,1.0,0.0,0.0,0.0,0.5,0.3802235,0.037813596,0.09295799,0.0,1.0,0.0,0.0,0.0,1.0,0.6344177,0.73172945,0.72163147,0.97428256,1.0,0.76618135,0.0,0.99657255,0.0,0.06451613,0.0,0.5,0.21909685,0.002698735,0.022568638,1.0,1.0,0.14285715,0.0,0.0,0.83377075,0.59428954,0.80678487,0.78999877,0.97301805,1.0,0.834644,7.09e-08,0.9245021,0.0,0.0,0.0,0.5,0.44952518,0.09912548,0.0,1.0,0.0,0.14285715,0.0,0.0,0.81358665,0.58211493,0.72588897,0.77728724,1.0,1.0,1.0,1.18e-07,0.7464952,0.0,0.0,0.044920273,0.5,0.41417226,0.1960112,0.1852068,0.33333334,0.33333334,0.71428573,0.0,0.0
4428,GT,0.6774193,1.0,1.0,0.323232,0.0,0.0,0.0,0.0,0.8,0.5714286,1.0,0.959596,0.959596,0.606061,0.50505,0.50505,0.50505,0.50505,1.0,0.767677,1.0,0.717172,1.0,0.888889,0.969697,0.0,1.0,0.0,0.09677419,0.0,0.5,0.393939,0.0,0.141414,1.0,1.0,0.0,1.0,0.0,1.0,0.424242,0.535354,0.717172,1.0,0.565657,0.565657,0.0,0.787879,0.0,0.09677419,0.0,0.5,0.414141,0.0,0.454545,1.0,1.0,1.0,0.0,1.0,0.646465,0.393939,0.79798,0.717172,1.0,1.0,1.0,0.0,1.0,0.0,0.032258064,0.0,0.5,0.393939,0.0,0.141414,1.0,1.0,0.0,0.0,0.0,1.0,0.393939,0.79798,0.717172,1.0,1.0,1.0,0.0,1.0,0.0,0.06451613,0.0,0.5,0.393939,0.0,0.141414,1.0,1.0,0.0,0.0,0.0,0.656566,0.393939,0.79798,0.717172,1.0,1.0,1.0,0.0,0.989899,0.0,0.12903225,0.0,0.5,0.393939,0.0,0.141414,1.0,1.0,0.0,0.0,0.0,1.0,0.575758,0.454545,0.717172,1.0,0.363636,0.313131,0.0,0.676768,0.0,0.41935483,0.0,0.5,0.272727,0.0,0.454545,1.0,0.33333334,0.0,0.0,0.0
4428,Flow,0.6774193,1.0,1.0,0.35845542,0.0,0.0057350397,0.0,0.0,0.8,0.5714286,0.86073804,0.95135003,0.9399428,0.6249261,0.49977016,0.48485887,0.4893645,0.47708964,1.0,0.6970762,0.8591133,0.74103934,1.0,0.87553453,1.0,0.0,1.0,0.0,0.032258064,0.0,0.5,0.44539756,0.0,0.0,1.0,1.0,0.0,0.0,0.0,0.9320787,0.38425687,0.42703515,0.6202553,0.9856635,0.6231513,0.50425595,0.0,0.8199363,0.0,0.09677419,0.19286913,0.5,0.38412517,0.0,0.22665118,1.0,0.33333334,0.0,0.0,0.0,0.9640324,0.69162554,0.79802835,0.6933032,1.0,0.8726888,1.0,0.0,0.99033946,0.0,0.06451613,0.0,0.5,0.43239167,0.0,0.0,1.0,1.0,0.0,0.0,0.0,1.0,0.65559375,0.8665761,0.750436,1.0,0.8218752,1.0,0.0,0.9264512,0.0,0.06451613,0.0,0.5,0.46296299,0.0,0.1513251,1.0,1.0,0.0,0.0,0.0,1.0,0.5945082,0.7740789,0.7498207,1.0,0.8748643,1.0,0.0,0.9180682,0.0,0.12903225,0.0,0.5,0.47600973,0.0,0.098979935,1.0,1.0,0.0,0.0,0.0,0.93260217,0.5183418,0.48334372,0.7051281,1.0,0.5856942,0.48391068,0.0,0.7894693,0.0,0.06451613,0.0,0.5,0.39572763,0.0,0.453452,1.0,0.33333334,0.0,0.0,0.0
4428,IS,0.6774193,1.0,1.0,0.27822548,0.07761747,0.042297013,0.0,0.0,0.8,0.5714286,1.0,0.99709153,0.97890663,0.75042737,0.5032942,0.50504977,0.5050498,0.5050502,0.9734359,0.69434494,0.93670243,0.7116993,0.9998553,0.97453934,1.0,5.6970407e-08,0.96688354,0.0,0.09677419,0.0,0.5,0.39564666,0.0617251,0.15459785,1.0,1.0,0.0,1.0,0.0,0.8841453,0.5262701,0.5538597,0.76047045,0.9832646,0.66513056,0.6380648,0.0,0.82870996,0.0,0.09677419,0.0,0.5,0.37486437,0.007398467,0.40529892,1.0,1.0,1.0,0.0,1.0,0.693592,0.5944036,0.8583294,0.7815247,0.99425584,1.0,1.0,5.4539278e-08,0.9929453,0.0,0.032258064,0.027019978,0.5,0.40212306,0.045792095,0.1498508,1.0,1.0,0.0,0.0,0.0,0.8351023,0.41578257,0.7752943,0.7310515,1.0,0.89248365,1.0,0.0,0.9612494,0.0,0.06451613,0.017478503,0.5,0.3741095,0.028686618,0.12703066,1.0,1.0,0.0,0.0,0.0,0.6872295,0.5131762,0.82524997,0.70487475,0.9814694,0.97583586,1.0,0.0,0.925857,0.0,0.12903225,0.0,0.5,0.38650987,0.005076607,0.13094576,1.0,1.0,0.0,0.0,0.0,0.8991411,0.5576626,0.46711788,0.71880746,0.97752213,0.48546907,0.31709427,7.000985e-08,0.73601574,0.0,0.41935483,0.037157584,0.5,0.23523746,0.031181524,0.39978063,1.0,0.33333334,0.0,0.0,0.0
4428,IS2noITF,0.6774193,1.0,1.0,0.3625881,0.0,0.0,0.0,0.0,0.8,0.5714286,1.0,1.0,1.0,0.7557377,0.5050501,0.50505,0.5050499,0.50504994,1.0,0.7998992,1.0,0.7517912,0.9999998,0.90753824,0.9551673,7.624285e-08,0.98479354,0.0,0.09677419,0.0,0.5,0.41241312,0.005054126,0.12890537,1.0,1.0,0.0,1.0,0.0,0.95468044,0.51863074,0.61511135,0.77874047,0.9859766,0.6828376,0.6277785,0.0,0.80326474,0.0,0.09677419,0.029968722,0.5,0.30351523,0.0,0.34577784,1.0,1.0,1.0,0.0,1.0,0.7452171,0.6677086,0.82729846,0.7398406,1.0,0.999562,1.0,1.052288e-07,1.0,0.0,0.032258064,0.013050905,0.5,0.4408225,0.0062416317,0.10348156,1.0,1.0,0.0,0.0,0.0,0.8315217,0.60384667,0.87833446,0.7506036,0.9697716,0.94628584,0.9726474,0.0,0.9834682,0.0,0.06451613,0.0,0.5,0.31521982,0.020944763,0.13116822,1.0,1.0,0.0,0.0,0.0,0.63383347,0.5740312,0.8846657,0.74406636,0.9853293,0.96040225,0.95128655,4.2038383e-07,0.98970085,0.0,0.12903225,0.0,0.5,0.2920115,0.04084827,0.08042195,1.0,1.0,0.0,0.0,0.0,0.84329164,0.5056761,0.47571298,0.67721844,0.98742396,0.4246564,0.28003585,0.0,0.7065296,0.0,0.41935483,0.032353893,0.5,0.21479726,0.05210999,0.44941464,1.0,0.33333334,0.0,0.0,0.0
4428,IS2,0.6774193,1.0,1.0,0.3692607,0.0,0.0,0.0,0.0,0.8,0.5714286,1.0,1.0,1.0,0.7672675,0.5050547,0.50505006,0.50505006,0.50505006,1.0,0.80082774,1.0,0.7684366,1.0,0.90419763,0.9541238,8.99e-08,0.98684704,0.0,0.09677419,0.0,0.5,0.41511235,0.008474764,0.13328506,1.0,1.0,0.0,1.0,0.0,0.9605708,0.5088182,0.62321466,0.790662,0.9908177,0.6718091,0.61268437,1.2e-07,0.7999913,0.0,0.09677419,0.024061672,0.5,0.30679655,0.0,0.3660829,1.0,1.0,1.0,0.0,1.0,0.74310887,0.686072,0.8596483,0.75621,1.0,1.0,1.0,2.31e-07,1.0,0.0,0.032258064,0.00600424,0.5,0.44336265,0.0,0.10163725,1.0,1.0,0.0,0.0,0.0,0.8300298,0.6176762,0.8962796,0.75877124,0.976418,0.9548577,0.97168064,0.0,0.9812756,0.0,0.06451613,0.0,0.5,0.33282578,0.02399366,0.13493843,1.0,1.0,0.0,0.0,0.0,0.6368567,0.5943123,0.92075104,0.76000714,0.98670983,0.97274864,0.97597986,1.56e-09,1.0,0.0,0.12903225,0.0,0.5,0.29736832,0.041991863,0.0799735,1.0,1.0,0.0,0.0,0.0,0.86385137,0.5236816,0.49639145,0.69148064,0.9908604,0.39144284,0.24630967,0.0,0.70117134,0.0,0.41935483,0.02712657,0.5,0.20217176,0.047354344,0.47453508,1.0,0.33333334,0.0,0.0,0.0
4633,GT,0.032258064,1.0,1.0,0.30303,0.575758,0.080808,0.363636,0.0,0.8,0.42857146,0.848485,0.959596,0.959596,0.606061,0.50505,0.50505,0.50505,0.50505,0.535354,0.494949,0.10101,0.474747,0.989899,0.989899,0.363636,0.0,0.929293,0.0,0.12903225,0.0,0.5,0.989899,0.0,0.0,0.0,0.0,0.0,0.0,0.0,0.747475,0.060606,0.070707,0.252525,1.0,0.929293,0.282828,0.0,0.747475,0.0,0.06451613,0.010101,0.071428575,0.0,0.0,0.0,0.0,0.0,0.0,0.0,0.0,0.444444,0.080808,0.10101,0.474747,1.0,0.929293,0.0,0.0,0.929293,0.0,0.06451613,0.010101,0.0,0.0,0.0,0.0,0.0,0.0,0.0,0.0,0.0,0.424242,0.676768,0.10101,0.323232,0.989899,0.989899,0.363636,0.0,0.767677,0.0,0.06451613,0.010101,0.0,0.989899,0.0,0.0,0.0,0.0,0.0,0.0,0.0,0.686869,0.666667,0.10101,0.282828,1.0,0.929293,0.0,0.0,0.666667,0.0,0.06451613,0.0,0.5714286,0.0,0.0,0.0,0.0,0.0,0.0,0.0,0.0,0.626263,0.69697,0.10101,0.323232,1.0,0.929293,0.0,0.0,0.707071,0.0,0.4516129,0.0,0.5714286,0.0,0.0,0.0,0.0,0.0,0.0,0.0,0.0
4633,Flow,0.032258064,1.0,1.0,0.30557263,0.5271864,0.13031518,0.0,0.0,0.8,0.2857143,0.7563404,0.9699762,0.9024818,0.5806804,0.49745727,0.49688363,0.52307034,0.49570918,0.5727216,0.64531064,0.13547558,0.48060846,1.0,1.0,0.25949,0.0,1.0,0.0,0.06451613,0.0,0.5,0.9408877,0.0,0.0,0.0,0.0,0.0,0.0,0.0,0.75215137,0.19338584,0.04368353,0.2311337,1.0,0.94593596,0.2550311,0.0,0.7367697,0.0,0.06451613,0.0,0.071428575,0.1303811,0.0,0.0,0.0,0.0,0.0,0.0,0.0,0.5419042,0.1751051,0.05903566,0.48270917,1.0,0.9379947,0.0,0.0,0.9877062,0.0,0.06451613,0.0,0.92857146,0.15694213,0.0,0.0,0.0,0.0,0.0,0.0,0.0,0.5729195,0.8272307,0.18971276,0.3075099,1.0,1.0,0.35975176,0.0,0.71000683,0.0,0.06451613,0.0,0.71428573,0.97400236,0.0,0.0,0.0,0.0,0.0,0.0,0.0,0.6917052,0.75940543,0.10559821,0.35743117,1.0,0.98913884,0.0,0.0,0.6798688,0.0,0.06451613,0.0,0.35714287,0.06699586,0.0,0.0,0.0,0.0,0.0,0.0,0.0,0.6952119,0.7432394,0.17707753,0.3257258,1.0,1.0,0.0,0.0,0.6825125,0.0,0.2580645,0.0,0.5,0.015909195,0.0,0.0,0.0,0.0,0.0,0.0,0.0
4633,IS,0.032258064,1.0,1.0,0.32620284,0.26718137,0.0759389,0.19086589,0.0,0.8,0.2857143,0.89517564,0.82355595,0.9130606,0.6302922,0.5057385,0.5050498,0.50505,0.5050501,0.4842467,0.47348234,0.032437768,0.5432773,0.9995799,0.985061,0.5226338,3.8855102e-08,0.96116877,0.0,0.06451613,0.014953231,0.5,0.71803427,0.16054145,0.055737346,1.0,0.0,0.0,0.0,0.14285715,0.8993201,0.2904176,0.108232275,0.25843304,0.97586036,0.7612747,0.54974604,6.6838974e-09,0.80323225,0.0,0.06451613,0.058700785,0.5,0.39049512,0.012819489,0.15876424,0.0,0.0,0.0,0.0,0.0,0.4895808,0.12424267,0.014723024,0.434404,0.9860194,0.8611938,0.13747758,6.023882e-08,0.9809854,0.0,0.06451613,0.00525882,0.92857146,0.35023367,0.11728825,0.0732211,0.0,0.0,0.0,0.0,0.0,0.6126291,0.5546902,0.10768726,0.32533008,0.978961,0.9512683,0.71903765,0.0,0.743504,0.0,0.06451613,0.0,0.2857143,0.65214384,0.093674354,0.0,0.0,0.0,0.0,0.0,0.0,0.76618606,0.5098988,0.13058035,0.21027827,0.97882986,0.838064,0.3778332,0.0,0.59237725,0.0,0.06451613,0.0,0.0,0.25276038,0.08400349,0.087172665,0.0,0.0,0.0,0.0,0.0,0.8481236,0.63098896,0.22974844,0.38173905,1.0,0.90452445,0.41372192,8.25415e-08,0.70264804,0.0,0.2580645,0.0329287,1.0,0.20876321,0.018031055,0.11588971,0.0,0.0,0.0,0.0,0.0
4633,IS2noITF,0.032258064,1.0,1.0,0.33770773,0.38129675,0.13009879,0.040649857,0.0,0.8,0.14285715,0.77991647,0.85444856,0.74460053,0.5034221,0.50504977,0.50504994,0.5050498,0.50504994,0.5759169,0.4873158,0.10760264,0.59525335,0.9999994,1.0,0.5947751,7.435323e-08,0.9556239,0.0,0.06451613,0.011879051,0.5,0.7584526,0.06868159,0.06830706,0.0,0.0,0.0,0.0,0.0,0.9146569,0.32568294,0.08954838,0.34800577,1.0,0.911043,0.41510686,0.0,0.74506736,0.0,0.06451613,0.050913043,0.5,0.22169866,0.006489283,0.116134614,0.0,0.0,0.0,0.0,0.0,0.6517523,0.21737616,0.088248976,0.48810333,1.0,0.94764566,0.2163729,9.7035674e-08,0.85101604,0.0,0.06451613,0.0,0.92857146,0.22320442,0.10100892,0.09597854,0.0,0.0,0.0,0.0,0.0,0.58706236,0.71487486,0.13308755,0.38718945,0.99889153,0.9806012,0.490839,0.0,0.8149276,0.0,0.06451613,0.0,0.6428572,0.5929035,0.057882216,0.0,0.0,0.0,0.0,0.0,0.0,0.7343861,0.5919245,0.1925312,0.32297605,1.0,0.8624332,0.30340874,3.7481732e-07,0.59851134,0.0,0.06451613,0.0,0.5,0.10981343,0.031959105,0.0,0.0,0.0,0.0,0.0,0.0,0.8386277,0.6770108,0.20369743,0.35580203,1.0,0.92956674,0.3948029,2.754828e-08,0.6612242,0.0,0.2580645,0.0,1.0,0.14109379,0.014070361,0.0,0.0,0.0,0.0,0.0,0.0
4633,IS2,0.032258064,1.0,1.0,0.33433923,0.39436913,0.1361931,0.02938222,0.0,0.8,0.14285715,0.7745478,0.8632814,0.73154455,0.48346767,0.50504917,0.5050501,0.50505,0.50505,0.5669268,0.49675336,0.11212882,0.60111165,0.99999976,1.0,0.59824854,2.01e-08,0.953575,0.0,0.06451613,0.004308615,0.5,0.7991644,0.06242581,0.07170197,0.0,0.0,0.0,0.0,0.0,0.9231169,0.31249365,0.08454232,0.34714183,1.0,0.9061331,0.40240484,5.27e-08,0.7389127,0.0,0.06451613,0.048042115,0.5,0.2217804,0.007393141,0.11670586,0.0,0.0,0.0,0.0,0.0,0.64333904,0.20281634,0.08226192,0.4922055,1.0,0.9448208,0.17889774,0.0,0.8479044,0.0,0.06451613,0.0,0.92857146,0.21589449,0.095590174,0.09702146,0.0,0.0,0.0,0.0,0.0,0.57018423,0.73539895,0.12594235,0.3755982,1.0,0.97389835,0.47050422,2.86e-08,0.8067422,0.0,0.06451613,0.0,0.6428572,0.63445187,0.059653837,0.0,0.0,0.0,0.0,0.0,0.0,0.73306024,0.6018766,0.19569494,0.31336817,1.0,0.85769707,0.27260482,0.0,0.5745669,0.0,0.06451613,0.0,0.5,0.111357994,0.034117427,0.0,0.0,0.0,0.0,0.0,0.0,0.8379861,0.69807696,0.20289864,0.35519296,1.0,0.917369,0.37281024,4.01e-09,0.65072376,0.0,0.2580645,0.0,1.0,0.13554758,0.012437805,0.0,0.0,0.0,0.0,0.0,0.0
4678,GT,1.0,0.0,1.0,0.424242,0.727273,0.010101,0.757576,0.0,0.8,0.0,1.0,1.0,1.0,0.0,0.50505,0.50505,0.50505,0.484848,1.0,1.0,0.606061,0.313131,0.0,0.0,1.0,0.0,1.0,0.0,0.032258064,0.0,0.5,0.393939,0.0,0.0,0.0,0.0,0.0,0.33333334,0.0,0.606061,1.0,0.464646,0.313131,0.0,0.0,1.0,0.0,1.0,0.0,0.032258064,0.020202,0.5,0.393939,0.0,0.0,0.0,0.0,0.0,0.33333334,0.0,0.555556,1.0,0.363636,0.313131,0.0,0.0,1.0,0.0,1.0,0.0,0.0,0.969697,0.5,0.393939,0.0,0.0,0.0,0.0,0.0,0.0,0.0,0.50505,1.0,0.272727,0.313131,0.0,0.0,1.0,0.0,1.0,0.0,0.032258064,0.060606,0.5,0.393939,0.0,0.0,0.0,0.0,0.0,0.0,0.0,0.888889,1.0,0.212121,0.313131,0.0,0.0,1.0,0.0,1.0,0.0,0.0,0.929293,0.5,0.393939,0.0,0.0,0.0,0.0,0.0,0.0,0.0,0.40404,1.0,0.131313,0.313131,0.0,0.0,1.0,0.0,1.0,0.0,0.032258064,0.090909,0.5,0.393939,0.0,0.0,0.0,0.0,0.0,0.0,0.0
4678,Flow,1.0,0.0,1.0,0.32508874,0.32469952,0.25133908,0.48376483,1.0,0.8,0.42857146,0.80994517,0.8090826,0.99700844,0.78928214,0.46881992,0.4933831,0.4923277,0.48870403,0.51474893,0.70459914,0.6601849,0.40845734,0.5635853,0.5592137,0.99908876,0.0,0.8433451,0.0,0.032258064,0.0,0.5,0.0,0.0,0.0,0.0,0.0,0.0,0.0,0.0,0.462178,0.59099984,0.71742105,0.37103954,0.54764175,0.5416682,1.0,0.0,0.74531126,0.0,0.032258064,0.06590307,0.5,0.029585212,0.0,0.03625691,0.0,0.0,0.0,0.0,0.0,0.44358003,0.7354826,0.76187474,0.42448896,0.5068774,0.50951976,0.8385067,0.0,0.8434712,0.0,0.032258064,0.10929313,0.5,0.03488013,0.0,0.0,0.0,0.0,0.0,0.0,0.0,0.42499357,0.60802126,0.76238585,0.31511876,0.5627846,0.4311809,0.75697863,0.0,0.7013501,0.0,0.032258064,0.0,0.5,0.031199485,0.0,0.0,0.0,0.0,0.0,0.0,0.0,0.39681342,0.6569329,0.69359833,0.39983898,0.44789636,0.48796594,0.8290417,0.0,0.7922679,0.0,0.032258064,0.08312605,0.5,0.045681134,0.0,0.0,0.0,0.0,0.0,0.0,0.0,0.44345176,0.5763092,0.77993727,0.38325322,0.6646853,0.35029924,0.8180093,0.0,0.6349819,0.0,0.032258064,0.19841747,0.5,0.031791806,0.0,0.0736485,0.0,0.0,0.0,0.0,0.0
4678,IS,1.0,0.0,1.0,0.4025275,0.54806113,0.114229634,0.5517463,0.0,0.8,0.0,0.90315354,0.8975404,1.0,0.57942456,0.4994426,0.50505006,0.50505,0.5050502,0.5471685,0.54586476,0.47361398,0.29283175,0.99938625,0.4328441,0.85209084,4.8355417e-08,0.97379094,0.0,0.032258064,0.0,0.5,0.3019798,0.06354693,0.029108275,0.0,0.0,0.0,0.33333334,0.0,0.52857155,0.5944886,0.55662924,0.15775117,0.7824528,0.23967977,0.7681466,0.0,0.8074632,0.0,0.032258064,0.06397237,0.5,0.26078323,0.037971325,0.09462343,0.0,0.0,0.0,0.33333334,0.0,0.494382,0.5326702,0.52921844,0.3525926,0.9546727,0.40035212,0.7949744,5.581406e-08,0.9619225,0.0,0.0,0.0970324,0.5,0.2548363,0.11451905,0.12355942,0.0,0.0,0.0,0.0,0.0,0.5789088,0.5861218,0.5017573,0.23422074,0.84131753,0.41417876,0.76985174,0.0,0.88265723,0.0,0.032258064,0.16251369,0.5,0.37870464,0.10221734,0.044157386,0.0,0.0,0.0,0.0,0.0,0.63847,0.72307724,0.57526195,0.2432912,0.94126034,0.393045,0.68509203,0.0,0.8376708,0.0,0.0,0.083301224,0.5,0.17111732,0.010745408,0.022382854,0.0,0.0,0.0,0.0,0.0,0.80314076,1.0,0.639975,0.2994722,0.94315445,0.4456313,0.77859086,1.0055851e-07,0.8841112,0.0,0.032258064,0.0,0.5,0.2621104,0.0,0.16891687,0.0,0.0,0.0,0.0,0.0
4678,IS2noITF,1.0,0.0,1.0,0.38391542,0.63175356,0.079414114,0.40709525,0.0,0.8,0.0,0.8500417,0.9679816,1.0,0.6448892,0.50504977,0.5050501,0.50504994,0.50504994,0.56645745,0.54948944,0.6106033,0.3295009,0.9999989,0.635858,1.0,7.677781e-08,0.99247986,0.0,0.032258064,0.0,0.5,0.47191215,0.0,0.0075010215,0.0,0.0,0.0,0.33333334,0.0,0.54757875,0.75491786,0.5467315,0.14501826,0.84362817,0.31360665,0.8670348,2.8340998e-09,0.9550961,0.0,0.032258064,0.027977103,0.5,0.26104102,0.026971066,0.10381723,0.0,0.0,0.0,0.33333334,0.0,0.5685282,0.7019161,0.57577103,0.3244436,0.9423224,0.5035729,0.99057525,9.810245e-08,0.86936796,0.0,0.032258064,0.07440557,0.5,0.4531346,0.13148114,0.18404104,0.0,0.0,0.0,0.0,0.0,0.5408573,0.63989997,0.4306908,0.3046229,0.83763504,0.5788843,0.90640324,0.0,0.8984131,0.0,0.032258064,0.034848392,0.5,0.47434446,0.09579829,0.19759737,0.0,0.0,0.0,0.0,0.0,0.72889173,0.7158788,0.4192382,0.2740568,0.9347971,0.3971297,0.82301193,3.6044426e-07,0.869626,0.0,0.0,0.049883656,0.5,0.37044582,0.0,0.08881662,0.0,0.0,0.0,0.0,0.0,0.55555606,0.677224,0.34756276,0.22330503,0.9331244,0.43368205,0.85929453,1.7628689e-07,0.8867913,0.0,0.032258064,0.080046,0.5,0.37521243,0.052710533,0.074323,0.0,0.0,0.0,0.0,0.0
4678,IS2,1.0,0.0,1.0,0.38751867,0.64622945,0.07613768,0.43183723,0.0,0.8,0.0,0.83730507,0.97238964,1.0,0.62918895,0.50504935,0.5050499,0.50505,0.5050501,0.5498616,0.5449965,0.6174794,0.32190737,0.9999984,0.61088395,1.0,1.78e-07,0.99404323,0.0,0.032258064,0.0,0.5,0.47790068,0.0,0.003600761,0.0,0.0,0.0,0.33333334,0.0,0.5409684,0.7789965,0.55993384,0.13630627,0.84187275,0.28193784,0.88192075,1.62e-07,0.9657328,0.0,0.032258064,0.033120792,0.5,0.2642208,0.027511157,0.11089035,0.0,0.0,0.0,0.33333334,0.0,0.5572846,0.7174954,0.5924116,0.31645465,0.9399463,0.481348,1.0,2.52e-08,0.8732846,0.0,0.032258064,0.0718666,0.5,0.46705768,0.13772231,0.18563555,0.0,0.0,0.0,0.0,0.0,0.52478075,0.6499754,0.43339545,0.293655,0.83676225,0.5627418,0.93669724,0.0,0.8952498,0.0,0.032258064,0.030637784,0.5,0.49261102,0.10165007,0.21500897,0.0,0.0,0.0,0.0,0.0,0.7192463,0.72701734,0.4275339,0.27066895,0.93292385,0.3753465,0.8444291,0.0,0.8635313,0.0,0.0,0.046920247,0.5,0.38608778,0.0,0.09117661,0.0,0.0,0.0,0.0,0.0,0.5523854,0.7017966,0.34231314,0.21685326,0.9324152,0.41907147,0.889505,5.64e-08,0.8913075,0.0,0.032258064,0.06932319,0.5,0.38233122,0.056700855,0.08988678,0.0,0.0,0.0,0.0,0.0
4922,GT,0.2580645,0.8571429,1.0,0.272727,0.0,0.050505,0.0,1.0,0.0,0.14285715,1.0,1.0,1.0,1.0,0.50505,0.50505,0.50505,0.50505,0.656566,0.79798,0.69697,0.50505,1.0,1.0,1.0,0.0,0.959596,0.0,0.0,0.0,0.92857146,0.0,0.0,0.0,0.0,0.0,0.0,0.0,0.0,0.50505,0.262626,0.090909,0.363636,0.949495,1.0,0.949495,0.0,0.878788,0.0,0.0,0.0,1.0,0.242424,0.0,0.050505,0.0,0.0,0.0,1.0,0.14285715,0.646465,0.40404,0.232323,0.50505,1.0,0.979798,0.949495,0.0,0.959596,0.0,0.0,0.0,0.5,0.0,0.0,0.0,0.0,0.0,0.0,0.0,0.0,0.606061,0.272727,0.161616,0.393939,0.909091,1.0,0.949495,0.0,0.828283,0.0,0.0,0.0,0.071428575,0.0,0.0,0.0,0.0,0.0,0.0,1.0,0.14285715,0.707071,0.272727,0.161616,0.40404,0.909091,1.0,0.959596,0.0,0.656566,0.0,0.0,0.0,1.0,0.0,0.0,0.0,0.0,0.0,0.0,1.0,0.14285715,0.707071,0.272727,0.161616,0.313131,0.909091,1.0,0.949495,0.0,1.0,0.0,0.06451613,0.0,0.071428575,0.0,0.0,0.171717,0.0,0.0,0.0,0.0,0.2857143
4922,Flow,0.2580645,0.8571429,1.0,0.27817285,0.033905372,0.123423174,0.0,1.0,0.0,0.2857143,1.0,1.0,1.0,1.0,0.5110889,0.53382796,0.57327706,0.5168701,0.75598484,0.8611777,1.0,0.51092565,1.0,1.0,1.0,0.0,1.0,0.0,0.0,0.0,0.92857146,0.0,0.0,0.0,0.0,0.0,0.0,0.0,0.0,0.4564562,0.16915876,0.06153695,0.3798216,0.9853744,1.0,1.0,0.0,0.9285487,0.0,0.0,0.0,1.0,0.20605728,0.0,0.01853437,0.0,0.0,0.0,1.0,0.14285715,0.6556015,0.34977823,0.18867387,0.47355583,1.0,1.0,1.0,0.0,1.0,0.0,0.0,0.0,0.5,0.018436972,0.0,0.0,0.0,0.0,0.0,0.0,0.0,0.6997641,0.20550863,0.09176962,0.38371584,0.9495198,1.0,1.0,0.0,0.88445973,0.0,0.0,0.0,0.071428575,0.0,0.0,0.0,0.0,0.0,0.0,0.0,0.14285715,0.67907953,0.080528274,0.07310651,0.44424292,1.0,1.0,1.0,0.0,0.6803837,0.0,0.0,0.0,1.0,0.0,0.0,0.0,0.0,0.0,0.0,0.0,0.14285715,0.6212865,0.21586996,0.048262354,0.3404109,0.8976947,1.0,1.0,0.0,0.94950604,0.0,0.06451613,0.0,0.071428575,0.0,0.0,0.118970454,0.0,0.0,0.0,0.0,0.2857143
4922,IS,0.2580645,0.8571429,1.0,0.262909,0.0,0.059030578,0.0,1.0,0.0,0.14285715,1.0,0.9497101,0.99461985,0.98998773,0.50446635,0.50504994,0.50504994,0.5050502,0.6318361,0.7434239,0.7339053,0.5443754,0.99993783,1.0,1.0,4.7828188e-08,0.9758628,0.0,0.0,0.017597992,0.92857146,0.0,0.0,0.0,0.0,0.0,0.0,0.0,0.0,0.4950345,0.31258717,0.08999733,0.44511908,0.928257,1.0,0.99131805,0.0,0.8803753,0.0,0.0,0.0,1.0,0.25020483,0.0,0.0,0.0,0.0,0.0,1.0,0.14285715,0.6254562,0.4037831,0.18488243,0.49252334,0.99333197,1.0,0.94102645,5.7038505e-08,1.0,0.0,0.0,0.047818273,0.5,0.039571404,0.061439857,0.0040202215,0.0,0.0,0.0,0.0,0.0,0.62038034,0.2825062,0.06890223,0.40555656,0.8723172,1.0,0.92309004,0.0,0.8480506,0.0,0.0,0.0,0.071428575,0.0,0.020007396,0.0,0.0,0.0,0.0,1.0,0.14285715,0.6124026,0.26528794,0.15881127,0.38795397,0.8916758,1.0,0.9585505,1.6784431e-10,0.5871684,0.0,0.0,0.01899573,1.0,0.053327538,0.0,0.0047416436,0.0,0.0,0.0,1.0,0.14285715,0.65155005,0.2745919,0.10264748,0.29448378,0.8910766,0.95899045,0.83605516,1.135962e-07,0.9434821,0.0,0.06451613,0.028094986,0.071428575,0.020174673,0.042575408,0.17460766,0.0,0.0,0.0,0.0,0.2857143
4922,IS2noITF,0.2580645,0.8571429,1.0,0.24468574,0.0,0.09397025,0.031094735,1.0,0.0,0.14285715,1.0,0.9734157,0.9984644,0.9759976,0.5050499,0.50504994,0.5050498,0.50505,0.6891179,0.7928201,0.70404786,0.5317495,0.99999976,0.98351765,0.9950368,7.057118e-08,0.97257453,0.0,0.0,0.0039079995,0.92857146,0.05315463,0.0030792796,0.0,0.0,0.0,0.0,0.0,0.0,0.46548074,0.33341682,0.010711766,0.39628068,0.94177604,1.0,0.89114916,0.0,0.858871,0.0,0.0,0.0,1.0,0.29196763,0.0,0.07765859,0.0,0.0,0.0,1.0,0.14285715,0.6533758,0.45860922,0.22745913,0.5346359,1.0,1.0,0.95057124,8.826647e-08,0.9856541,0.0,0.0,0.0,0.5,0.00022920441,0.03374295,0.008976276,0.0,0.0,0.0,0.0,0.0,0.6507931,0.22968401,0.12639952,0.40683612,0.92585546,0.98675555,0.8666498,0.0,0.8345382,0.0,0.0,0.0005221353,0.071428575,0.010570478,0.015385017,0.01919215,0.0,0.0,0.0,1.0,0.14285715,0.67262375,0.3514273,0.1844938,0.36933556,0.8971121,1.0,0.8672156,2.8936827e-07,0.6528574,0.0,0.0,0.0,1.0,0.019820068,0.005355732,0.023477435,0.0,0.0,0.0,1.0,0.14285715,0.6950122,0.30823135,0.16546284,0.31196156,0.88984096,0.9536507,0.8604178,3.1890883e-07,0.96802694,0.0,0.06451613,0.038941253,0.071428575,0.026834909,0.017438516,0.11297086,0.0,0.0,0.0,0.0,0.2857143
4922,IS2,0.2580645,0.8571429,1.0,0.24272496,0.0,0.08699788,0.01814579,1.0,0.0,0.14285715,1.0,0.9738822,0.9940091,0.98392665,0.5050511,0.50505006,0.50504994,0.50505,0.6906626,0.807694,0.7251715,0.5348203,1.0,0.97676295,0.9968361,7.09e-08,0.9730524,0.0,0.0,0.001006547,0.92857146,0.04869767,0.0,0.0,0.0,0.0,0.0,0.0,0.0,0.44265407,0.3202861,0.0,0.38897485,0.94308585,1.0,0.8880736,3.7e-08,0.86373055,0.0,0.0,0.0,1.0,0.28422228,0.0,0.07693393,0.0,0.0,0.0,1.0,0.14285715,0.6477538,0.46375194,0.22235666,0.545262,1.0,1.0,0.97137827,0.0,0.98435444,0.0,0.0,0.0,0.5,0.0,0.034397405,0.0,0.0,0.0,0.0,0.0,0.0,0.6206921,0.22359008,0.1191212,0.4002773,0.9275942,0.9934773,0.8610271,5.04e-08,0.8252459,0.0,0.0,0.0,0.071428575,0.004847879,0.01395239,0.006671708,0.0,0.0,0.0,1.0,0.14285715,0.65777504,0.3501964,0.17362477,0.36493745,0.89483714,1.0,0.86713624,0.0,0.6396765,0.0,0.0,0.0,1.0,0.012245367,0.003472854,0.010574259,0.0,0.0,0.0,1.0,0.14285715,0.674105,0.30912519,0.15652826,0.30425224,0.8874423,0.93851477,0.84891427,2.34e-07,0.971179,0.0,0.06451613,0.037983257,0.071428575,0.02345891,0.013118636,0.10556735,0.0,0.0,0.0,0.0,0.2857143
5004,GT,0.12903225,1.0,0.0,0.333333,0.636364,0.0,0.686869,0.0,0.8,0.14285715,0.989899,0.989899,0.989899,0.989899,0.525253,0.50505,0.50505,0.50505,0.292929,1.0,1.0,0.525253,1.0,1.0,1.0,0.0,1.0,0.0,0.0,0.0,0.5,0.515152,0.0,0.0,0.0,0.0,1.0,0.6666667,0.0,0.808081,0.717172,0.444444,0.515152,1.0,0.838384,0.888889,0.0,0.777778,0.0,0.0,0.0,0.5,0.515152,0.0,0.0,0.0,0.0,0.5714286,0.6666667,0.0,0.464646,1.0,1.0,0.50505,1.0,1.0,1.0,0.0,1.0,0.0,0.0,0.0,0.5,0.515152,0.0,0.0,0.0,0.0,0.2857143,0.33333334,0.0,0.424242,0.424242,0.535354,0.50505,0.565657,1.0,0.757576,0.0,0.888889,0.0,0.032258064,0.0,0.5,0.484848,0.0,0.0,0.0,0.0,0.42857146,0.0,0.8571429,0.717172,0.242424,0.121212,0.50505,1.0,0.79798,0.808081,0.0,0.717172,1.0,0.06451613,0.363636,0.5,0.717172,0.0,0.0,0.0,0.0,1.0,0.33333334,0.42857146,0.888889,1.0,1.0,0.474747,1.0,1.0,1.0,0.0,0.989899,1.0,0.9677419,1.0,0.5,0.555556,0.0,0.0,0.0,0.0,1.0,0.0,0.0
5004,Flow,0.12903225,1.0,0.0,0.38329297,0.2456975,0.18912697,0.4538657,0.0,0.8,0.14285715,0.9842934,0.92759943,1.0,0.9191317,0.5236003,0.53174996,0.52442557,0.51061654,0.6733865,0.6469182,0.6546815,0.6716651,1.0,1.0,1.0,0.0,1.0,0.0,0.0,0.103826866,0.5,0.30811775,0.17753729,0.0,0.0,0.0,1.0,0.0,0.0,0.75801075,0.6688456,0.6407928,0.5786533,0.93327373,1.0,1.0,0.0,0.8804835,0.0,0.0,0.22373359,0.5,0.2819208,0.09727787,0.026960954,0.0,0.0,0.5714286,0.0,0.0,0.7239458,0.62821746,0.61264837,0.6373189,1.0,1.0,1.0,0.0,0.93874943,0.0,0.0,0.055084363,0.5,0.27954763,0.0,0.042568572,0.0,0.0,0.2857143,0.0,0.0,0.7494672,0.59785885,0.59949726,0.6156876,0.91737676,1.0,0.8417787,0.0,0.8386313,0.0,0.032258064,0.019491784,0.5,0.4133082,0.022326864,0.11349494,0.0,0.0,0.42857146,0.0,0.0,0.728672,0.53808343,0.60016304,0.62634766,0.9479712,0.80769837,0.76512223,0.0,0.80757576,0.0,0.06451613,0.15120992,0.5,0.40655303,0.093415394,0.24479641,0.0,0.0,1.0,0.0,0.42857146,0.7665608,0.67064744,0.6148454,0.6235288,0.9548702,1.0,0.9785389,0.0,0.796533,0.0,0.032258064,0.43949154,0.5,0.37584615,0.032285064,0.12292612,0.0,0.0,1.0,0.0,0.0
5004,IS,0.12903225,1.0,0.0,0.36487308,0.38989052,0.1430651,0.4101424,0.0,0.8,0.14285715,0.92033917,0.88499576,0.99126095,0.9215665,0.5069622,0.50504994,0.50504994,0.5050502,0.50500727,0.8218229,0.7592349,0.49397665,0.99998605,0.94270945,0.9192464,4.5488893e-08,0.9928945,0.0,0.0,0.0,0.5,0.34313393,0.079213716,0.0055936244,0.0,0.0,1.0,0.6666667,0.2857143,0.8712984,0.7380393,0.47319737,0.4537284,1.0,0.9016315,0.9573714,0.0,0.7327715,0.0,0.0,0.0,0.5,0.35945296,0.0,0.0,0.0,0.0,0.5714286,0.6666667,0.0,0.6736963,0.8910083,0.7085185,0.50285006,0.9914957,1.0,1.0,5.679952e-08,0.9022212,0.0,0.0,0.014274847,0.5,0.5375971,0.10075001,0.08176653,0.0,0.0,0.2857143,0.33333334,0.0,0.65412426,0.52991754,0.42269182,0.4510973,0.9070792,0.9827653,0.82629937,0.0,0.7953582,0.0,0.09677419,0.0,0.5,0.37902206,0.04012965,0.080113515,0.0,0.0,0.42857146,0.0,0.8571429,0.926206,0.5663967,0.33393666,0.51846826,0.9952439,0.8947253,0.85499877,0.0,0.7281633,1.0,0.06451613,0.18665363,0.5,0.3558858,0.0,0.044013657,0.0,0.0,1.0,0.33333334,1.0,1.0,0.7118181,0.7114859,0.36565042,0.9989578,1.0,1.0,0.0,0.9786462,1.0,0.9677419,0.43863326,0.5,0.40390477,0.03830317,0.0,0.0,0.0,1.0,0.0,0.0
5004,IS2noITF,0.12903225,1.0,0.0,0.4001359,0.4322204,0.095113434,0.56537545,0.0,0.8,0.14285715,0.9858791,0.7590326,0.97673815,0.8437438,0.5050497,0.50504994,0.5050498,0.50505,0.5572702,0.96667343,0.8165467,0.5946333,0.9999997,1.0,0.9565381,6.992231e-08,1.0,0.0,0.0,0.0,0.5,0.29865795,0.0,0.038440704,0.0,0.0,1.0,0.6666667,0.0,0.71013075,0.668779,0.59729546,0.6559745,0.96201473,0.7820151,0.9366129,0.0,0.77176785,0.0,0.0,0.0,0.0,0.31663403,0.0,0.0,0.0,0.0,0.5714286,0.6666667,0.0,0.63182163,0.91123796,0.8541637,0.613427,0.9902139,0.94719243,0.8975604,9.166102e-08,0.99806666,0.0,0.0,0.0,0.5,0.40759543,0.0,0.0152186,0.0,0.0,0.2857143,0.33333334,0.2857143,0.59582937,0.38591823,0.37322178,0.46331576,0.8628623,0.9143429,0.78396076,0.0,0.88252026,0.0,0.032258064,0.0,0.5,0.34579802,0.02358975,0.045903616,0.0,0.0,0.42857146,0.0,0.8571429,0.7239644,0.64877015,0.41254997,0.6645787,0.9584678,0.79842657,0.9533897,3.1384621e-07,0.7794202,1.0,0.06451613,0.15317594,0.5,0.4678275,0.0,0.0,0.0,0.0,1.0,0.33333334,0.42857146,0.8548567,0.6997532,0.77716607,0.51855415,1.0,1.0,1.0,0.0,0.8861247,0.0,0.9677419,0.2850143,0.5,0.38170844,0.028570145,0.0,0.0,0.0,1.0,0.0,0.0
5004,IS2,0.12903225,1.0,0.0,0.39365238,0.44097176,0.08812482,0.5772646,0.0,0.8,0.14285715,0.9926904,0.7736025,0.98116654,0.8495846,0.5050477,0.50505006,0.50505006,0.50505,0.54479086,0.9906069,0.853106,0.59552675,0.9999998,1.0,0.98097056,0.0,1.0,0.0,0.0,0.0,0.5,0.31619754,0.0,0.04023277,0.0,0.0,1.0,0.6666667,0.0,0.7043593,0.66959184,0.614517,0.6447909,0.9641612,0.76653945,0.9523204,1.01e-09,0.76495004,0.0,0.0,0.0,0.0,0.3329978,0.0,0.0,0.0,0.0,0.5714286,0.6666667,0.0,0.6295814,0.94664717,0.88576365,0.6162555,0.9900368,0.93926793,0.9226887,1.65e-07,1.0,0.0,0.0,0.0,0.5,0.41804257,0.0,0.006502649,0.0,0.0,0.2857143,0.33333334,0.2857143,0.5892361,0.36491963,0.3688996,0.4657269,0.8661233,0.90970904,0.7856376,8.64e-08,0.877294,0.0,0.032258064,0.0,0.5,0.36327267,0.02400914,0.044305883,0.0,0.0,0.42857146,0.0,0.8571429,0.72153366,0.65616584,0.42580304,0.6648969,0.95840454,0.799558,0.9737625,0.0,0.7828692,1.0,0.06451613,0.15463623,0.5,0.47419703,0.0,0.0,0.0,0.0,1.0,0.33333334,0.42857146,0.84483284,0.7120587,0.79450846,0.5305869,1.0,1.0,1.0,2.04e-08,0.88969994,0.0,0.9677419,0.2744721,0.5,0.3847078,0.023104455,0.0,0.0,0.0,1.0,0.0,0.0
7594,GT,0.7419355,1.0,1.0,0.424242,0.0,0.0,0.0,0.0,0.0,0.42857146,0.989899,0.989899,0.989899,0.989899,0.50505,0.50505,0.50505,0.50505,1.0,0.767677,1.0,0.646465,1.0,0.888889,0.969697,0.0,1.0,0.0,0.032258064,0.0,0.5,0.393939,0.0,0.141414,1.0,1.0,1.0,0.0,0.0,1.0,0.767677,0.181818,0.646465,1.0,0.959596,0.939394,0.0,1.0,0.0,0.06451613,0.0,0.5,0.272727,0.0,0.0,1.0,0.33333334,1.0,0.0,0.0,1.0,0.767677,0.828283,0.646465,1.0,0.989899,0.989899,0.0,1.0,0.0,0.032258064,0.0,0.5,0.393939,0.0,0.0,1.0,1.0,1.0,0.0,0.0,1.0,0.363636,0.414141,0.636364,1.0,0.989899,0.989899,0.0,1.0,0.0,0.032258064,0.0,0.5,0.393939,0.0,0.0,1.0,1.0,1.0,0.0,0.0,1.0,0.363636,0.414141,0.646465,1.0,0.989899,0.989899,0.0,1.0,0.0,0.06451613,0.0,0.5,0.393939,0.0,0.0,1.0,1.0,1.0,0.0,0.0,1.0,0.323232,0.282828,0.646465,0.989899,0.989899,0.929293,0.0,0.787879,0.0,0.06451613,0.0,0.5,0.0,0.0,0.0,0.33333334,0.33333334,1.0,0.0,0.2857143
7594,Flow,0.6774193,1.0,1.0,0.4089042,0.14052534,0.0,0.0,0.0,0.0,0.5714286,1.0,1.0,1.0,0.8927976,0.52291024,0.5272774,0.5204579,0.53194165,0.80011016,0.6451045,0.7707623,0.7076529,1.0,0.9850926,1.0,0.0,1.0,0.0,0.032258064,0.0,0.5,0.3417855,0.060355812,0.0,1.0,1.0,1.0,0.0,0.0,0.783647,0.44743264,0.30864832,0.59305966,0.89577746,0.960453,0.8683727,0.0,0.8255836,0.0,0.06451613,0.0,0.5,0.19948325,0.0,0.11495158,1.0,0.33333334,1.0,0.0,0.0,0.9296131,0.6845869,0.6458238,0.69589365,1.0,1.0,1.0,0.0,0.96858704,0.0,0.032258064,0.0,0.5,0.36260667,0.0,0.0,1.0,0.6666667,1.0,0.0,0.0,0.83769405,0.5149766,0.5640926,0.73342717,0.8846921,1.0,1.0,0.0,1.0,0.0,0.032258064,0.0,0.5,0.29960427,8.554757e-05,0.0,1.0,0.6666667,1.0,0.0,0.0,0.79984546,0.42494583,0.5371804,0.73691094,1.0,1.0,1.0,0.0,0.98613894,0.0,0.06451613,0.0,0.5,0.33047867,0.0,0.03383389,0.6666667,0.6666667,1.0,0.0,0.0,0.7053562,0.4844386,0.22533551,0.6564213,0.9830841,0.9562082,1.0,0.0,0.7711327,0.0,0.06451613,0.0,0.5,0.21890675,0.06716548,0.04369524,0.33333334,0.33333334,1.0,0.0,0.2857143
7594,IS,0.7419355,1.0,1.0,0.39609778,0.01639321,0.017968284,0.03183739,0.0,0.0,0.5714286,0.9754355,0.96744263,0.99850994,0.9484024,0.5054475,0.50505,0.5050501,0.5050501,0.63916004,0.7748088,0.8995774,0.6783442,1.0,0.9445861,0.9688726,2.882889e-08,1.0,0.0,0.032258064,0.0,0.5,0.39189848,0.029220818,0.086589396,1.0,1.0,1.0,0.0,0.0,0.92265314,0.73827255,0.23321973,0.67014045,0.99548525,0.94432807,0.955285,2.0436774e-09,0.93362755,0.0,0.06451613,0.0,0.5,0.29777306,0.0012460158,0.0,1.0,0.33333334,1.0,0.0,0.0,0.8144218,0.70595646,0.7628986,0.6471361,1.0,0.9816771,0.9582584,6.2881945e-08,0.9968742,0.0,0.032258064,0.013003362,0.5,0.38215405,0.041722193,0.021427909,0.6666667,0.6666667,1.0,0.0,0.0,0.8301268,0.35008663,0.40184245,0.6406504,0.9865586,0.9841033,0.96668196,0.0,0.98314404,0.0,0.032258064,0.0,0.5,0.3652496,0.013909196,0.0,0.6666667,1.0,1.0,0.0,0.0,0.7675962,0.370809,0.43691823,0.6419661,0.9968357,0.97915846,0.9281402,0.0,0.987046,0.0,0.06451613,0.0065375585,0.5,0.36576378,0.012376549,0.0,0.6666667,0.6666667,1.0,0.0,0.0,0.73167855,0.3438674,0.27153936,0.6665241,0.99710137,1.0,0.9157621,0.0,0.7471934,0.0,0.06451613,0.0,0.5,0.0,0.013554596,0.0,0.6666667,0.6666667,1.0,0.0,0.2857143
7594,IS2noITF,0.7419355,1.0,1.0,0.40648928,0.01731686,0.0053817513,0.050114363,0.0,0.0,0.5714286,0.9507113,0.9602881,0.98973763,0.9433064,0.5050498,0.50505,0.5050498,0.50504994,0.6086202,0.7625227,0.90191627,0.7003394,0.99999976,0.94536537,0.99093837,7.5061266e-08,0.9945299,0.0,0.032258064,0.0,0.5,0.36332107,0.020259744,0.0571901,1.0,1.0,1.0,0.0,0.0,0.87333816,0.72289336,0.22241463,0.62745756,1.0,0.99989784,0.91039425,0.0,0.929373,0.0,0.06451613,0.0,0.5,0.26797405,0.0,0.0,1.0,0.33333334,1.0,0.0,0.0,0.7949051,0.7672687,0.7635063,0.64004064,0.99711233,1.0,1.0,1.0016297e-07,1.0,0.0,0.032258064,0.0,0.5,0.3788837,0.013959484,0.0,0.6666667,0.6666667,1.0,0.0,0.0,0.7992613,0.41858223,0.4349445,0.66120845,1.0,1.0,0.966739,0.0,0.9893751,0.0,0.032258064,0.0,0.5,0.38324082,0.0086826915,0.0,0.6666667,0.6666667,1.0,0.0,0.0,0.7579976,0.38399556,0.41779247,0.65434897,1.0,1.0,0.9177857,3.540907e-07,0.96962106,0.0,0.06451613,0.0,0.5,0.36392936,0.0,0.0,0.6666667,0.6666667,1.0,0.0,0.0,0.72536707,0.3373831,0.33038175,0.63314503,0.9954317,0.9962542,0.9217026,0.0,0.75977516,0.0,0.06451613,0.011647061,0.5,0.037498634,0.0,0.0,0.6666667,0.6666667,1.0,0.0,0.2857143
7594,IS2,0.7419355,1.0,1.0,0.40145347,0.015268111,0.0,0.041433126,0.0,0.0,0.5714286,0.9444198,0.9503533,0.98676854,0.93467474,0.5050499,0.50505,0.50505006,0.50505,0.6067284,0.7772828,0.927075,0.7100143,1.0,0.92960644,0.97089905,2.59e-08,0.9925202,0.0,0.032258064,0.0,0.5,0.38035744,0.029919285,0.061595876,1.0,1.0,1.0,0.0,0.0,0.87310207,0.726832,0.21630335,0.6360585,0.9981273,0.97903633,0.9042903,7.86e-08,0.941429,0.0,0.06451613,0.00063203,0.5,0.2676804,0.0,0.0,1.0,0.33333334,1.0,0.0,0.0,0.7860728,0.7701869,0.77986044,0.6617473,0.99682504,1.0,1.0,0.0,1.0,0.0,0.032258064,0.0,0.5,0.40024856,0.011028213,0.0,0.6666667,0.6666667,1.0,0.0,0.0,0.79136854,0.3932834,0.42893404,0.6761118,1.0,1.0,0.97074896,6.81e-08,0.997868,0.0,0.032258064,0.0,0.5,0.39743927,0.00911558,0.0,0.6666667,0.6666667,1.0,0.0,0.0,0.746825,0.35475063,0.41270453,0.6690929,1.0,1.0,0.92909503,0.0,0.995568,0.0,0.06451613,0.0,0.5,0.37462544,0.0,0.0,0.6666667,0.6666667,1.0,0.0,0.0,0.729812,0.32141376,0.33003217,0.6580939,0.9949126,0.99566865,0.9301232,0.0,0.76548696,0.0,0.06451613,0.01554146,0.5,0.033303495,0.0,0.0,0.6666667,0.6666667,1.0,0.0,0.2857143
7635,GT,0.19354838,1.0,1.0,0.353535,0.353535,0.111111,0.020202,0.0,0.0,0.5714286,0.181818,0.606061,0.959596,0.606061,0.484848,0.515152,0.50505,0.50505,0.575758,0.20202,0.535354,0.575758,1.0,0.949495,0.979798,0.0,0.878788,0.0,0.032258064,0.0,0.0,0.0,0.0,0.0,0.0,0.0,0.0,0.0,0.0,0.30303,0.474747,0.565657,0.252525,0.616162,0.717172,0.858586,0.616162,0.828283,0.0,0.032258064,0.0,0.5,0.0,0.0,0.0,0.0,0.0,0.0,0.0,0.2857143,0.484848,0.20202,0.535354,0.464646,1.0,0.949495,0.979798,0.0,1.0,0.0,0.032258064,0.0,1.0,0.0,0.0,0.0,0.0,0.0,0.0,0.0,0.42857146,0.727273,0.606061,0.414141,0.121212,0.868687,0.707071,0.666667,0.090909,1.0,0.0,0.032258064,0.0,0.71428573,0.0,0.0,0.0,0.0,0.0,0.0,0.0,0.14285715,0.363636,0.40404,0.363636,0.636364,1.0,0.707071,0.575758,0.0,0.535354,0.0,0.032258064,0.0,0.42857146,0.0,0.0,0.0,0.0,0.0,0.0,0.0,0.14285715,1.0,0.727273,0.484848,0.171717,1.0,1.0,1.0,0.0,0.646465,0.0,0.12903225,0.020202,0.5714286,0.0,0.0,0.0,0.0,0.0,0.0,0.0,0.0
7635,Flow,0.19354838,1.0,1.0,0.38817242,0.26893473,0.22686015,0.0,0.0,0.0,0.5714286,0.283062,0.59207517,1.0,0.6515343,0.4892278,0.50262576,0.51937664,0.48780206,0.6112757,0.2640661,0.53623974,0.47506836,1.0,0.98355305,1.0,0.0,1.0,0.0,0.032258064,0.0,0.0,0.010282084,0.0,0.0,0.0,0.0,0.0,0.0,0.0,0.51786023,0.31738615,0.49824178,0.30596322,0.57900953,0.45742437,0.68653536,0.3606062,0.8702234,0.0,0.032258064,0.0,0.5,0.0,0.0,0.0,0.0,0.0,0.0,0.0,0.2857143,0.5691118,0.2699248,0.52204394,0.37413555,1.0,0.97816193,1.0,0.0,0.94855404,0.0,0.032258064,0.0,1.0,0.0,0.0,0.0,0.0,0.0,0.0,0.0,0.42857146,0.6972272,0.35322008,0.4229883,0.21536124,0.49718672,0.60072064,0.19853567,0.0,0.9632746,0.0,0.032258064,0.0,0.71428573,0.0,0.0,0.0,0.0,0.0,0.0,0.0,0.14285715,0.5609356,0.30736262,0.35364202,0.44548732,0.9819654,0.79489326,0.7189019,0.0,0.6332209,0.0,0.032258064,0.0,0.42857146,0.0,0.0,0.0,0.0,0.0,0.0,0.0,0.14285715,0.85982203,0.6752708,0.4864012,0.22865652,0.8971151,0.766774,0.9311398,0.0,0.5986794,0.0,0.16129032,0.0,0.5714286,0.0,0.0,0.0,0.0,0.0,0.0,0.0,0.0
7635,IS,0.19354838,1.0,1.0,0.31959665,0.1369976,0.12331376,0.0,0.0,0.0,0.5714286,0.3525664,0.7649937,0.87304974,0.8758088,0.49599817,0.50505036,0.5050502,0.5050502,0.4703026,0.313411,0.47716463,0.53458303,0.9998468,1.0,0.9907694,4.971163e-08,0.92034686,0.0,0.032258064,0.011795109,0.0,0.16118959,0.05227994,0.0,0.0,0.0,0.0,0.0,0.0,0.4308718,0.44510752,0.57270545,0.29771888,0.70547146,0.6723744,0.7538125,1.0368709e-07,0.83815956,0.0,0.032258064,0.028957622,0.5,0.0,0.0,0.0,0.0,0.0,0.0,0.6666667,0.2857143,0.58191544,0.3541164,0.5082202,0.5268593,1.0,0.9445382,1.0,5.837583e-08,0.9869677,0.0,0.032258064,0.0,1.0,0.0,0.0,0.0,0.0,0.0,0.0,0.0,0.42857146,0.68274087,0.6718808,0.3123628,0.15968977,0.6842053,0.7117459,0.56541127,2.649706e-07,0.8129901,0.0,0.032258064,0.022907069,0.71428573,0.074970216,0.013859316,0.0,0.0,0.0,0.0,0.0,0.14285715,0.6031039,0.27159274,0.37960067,0.55063665,1.0,0.8419711,0.6385626,0.0,0.6845518,0.0,0.032258064,0.0,0.42857146,0.04687827,0.004359025,0.0,0.0,0.0,0.0,0.0,0.14285715,0.83658093,0.763361,0.38436645,0.25469643,0.9848743,0.8928423,0.87578297,2.6047853e-09,0.5280206,0.0,0.12903225,0.022101544,0.5714286,0.09212704,0.0054086037,0.0,0.0,0.0,0.0,0.0,0.0
7635,IS2noITF,0.19354838,1.0,1.0,0.38918602,0.31184068,0.112234354,0.0,0.0,0.0,0.5714286,0.109913714,0.59050643,0.83150965,0.6010407,0.5050488,0.5050503,0.50504994,0.50504994,0.48812363,0.16849785,0.49206907,0.54737973,0.9999999,1.0,1.0,7.539748e-08,0.938567,0.0,0.032258064,0.0,0.0,0.16705723,0.0,0.0,0.0,0.0,0.0,0.0,0.0,0.539807,0.61298496,0.49539378,0.35974646,0.7236643,0.85242265,0.9886397,1.2226217e-06,0.81896853,0.0,0.032258064,0.0,0.5,0.01677059,0.0,0.02854426,0.0,0.0,0.0,0.6666667,0.2857143,0.57772887,0.28674787,0.5224289,0.44366893,1.0,1.0,1.0,1.0317926e-07,0.9034969,0.0,0.032258064,0.0,1.0,0.03974662,0.0,0.0,0.0,0.0,0.0,0.0,0.42857146,0.7517882,0.5222948,0.40496668,0.10363452,0.68112016,0.741662,0.44455644,0.0,0.9186701,0.0,0.032258064,0.0,0.71428573,0.075263664,0.0,0.0,0.0,0.0,0.0,0.0,0.14285715,0.5374414,0.2688668,0.3770862,0.6673596,1.0,0.951826,0.891162,3.9297322e-07,0.6438111,0.0,0.032258064,0.0,0.42857146,0.011918287,0.0,0.009724356,0.0,0.0,0.0,0.0,0.14285715,0.83661336,0.7965605,0.428396,0.25715756,0.9942581,1.0,0.9493566,0.0,0.48606375,0.0,0.12903225,0.11065589,0.5714286,0.0240729,0.0,0.0,0.0,0.0,0.0,0.0,0.0
7635,IS2,0.19354838,1.0,1.0,0.38938814,0.3335272,0.118115224,0.0,0.0,0.0,0.5714286,0.070582286,0.5853074,0.81747717,0.57977057,0.50503284,0.5050502,0.50505006,0.50505,0.47695187,0.15504046,0.5000437,0.5496271,1.0,1.0,1.0,2.91e-08,0.93497026,0.0,0.032258064,0.0,0.0,0.17955671,0.0,0.0,0.0,0.0,0.0,0.0,0.0,0.52346927,0.621558,0.49120033,0.34824544,0.7072643,0.8477331,0.9878068,2.5e-07,0.8160114,0.0,0.032258064,0.0,0.5,0.006752594,0.0,0.026049437,0.0,0.0,0.0,0.6666667,0.2857143,0.57811064,0.2599394,0.53433096,0.44432425,1.0,1.0,1.0,9.55e-08,0.90447557,0.0,0.032258064,0.0,1.0,0.03261435,0.0,0.0,0.0,0.0,0.0,0.0,0.42857146,0.7459257,0.514198,0.41483808,0.081109576,0.67047924,0.74342895,0.4462202,0.0,0.9127827,0.0,0.032258064,0.0,0.71428573,0.07323645,0.0,0.0,0.0,0.0,0.0,0.0,0.14285715,0.5345776,0.26985845,0.3905816,0.6830252,1.0,0.9451416,0.8881465,7.46e-08,0.6396443,0.0,0.032258064,0.0,0.42857146,0.007641512,0.0,0.002058442,0.0,0.0,0.0,0.0,0.14285715,0.8452344,0.8177966,0.42631865,0.26039723,0.9953098,1.0,0.9603529,0.0,0.4767054,0.0,0.12903225,0.11235798,0.5714286,0.020010643,0.0,0.0,0.0,0.0,0.0,0.0,0.0
9751,GT,0.6774193,1.0,1.0,0.343434,0.333333,0.0,0.0,0.0,0.8,0.14285715,0.949495,0.676768,0.959596,0.606061,0.50505,0.50505,0.50505,0.50505,0.565657,0.494949,0.454545,0.515152,1.0,0.969697,1.0,0.0,1.0,1.0,0.0,0.0,0.0,0.0,0.0,0.0,0.0,0.0,0.2857143,1.0,0.0,0.545455,0.282828,0.383838,0.494949,1.0,0.989899,0.979798,0.0,0.949495,0.0,0.032258064,0.0,1.0,0.464646,0.0,1.0,0.0,0.0,0.2857143,0.33333334,0.2857143,0.50505,0.272727,0.161616,0.525253,1.0,0.979798,1.0,0.0,1.0,1.0,0.0,0.151515,0.2857143,0.0,0.0,0.0,0.0,0.0,0.2857143,1.0,0.0,0.50505,0.272727,0.161616,0.525253,1.0,0.979798,1.0,0.0,0.979798,1.0,0.0,0.151515,0.5,0.0,0.0,0.0,0.0,0.0,0.2857143,1.0,0.0,0.50505,0.272727,0.161616,0.525253,1.0,0.979798,1.0,0.0,1.0,1.0,0.0,0.151515,0.71428573,0.0,0.0,0.0,0.0,0.0,0.2857143,1.0,0.0,0.777778,0.30303,0.161616,0.525253,1.0,0.979798,0.969697,0.0,0.828283,0.0,0.032258064,0.010101,0.21428573,0.0,0.0,0.030303,0.0,0.0,0.2857143,0.6666667,0.14285715
9751,Flow,0.6774193,1.0,1.0,0.31621987,0.2981374,0.16033734,0.007298611,0.0,0.8,0.14285715,0.8981648,0.7106267,0.96449393,0.73559284,0.5003465,0.4986355,0.4771442,0.49299586,0.71281075,0.38182753,0.29616678,0.5689063,1.0,1.0,0.9529147,0.0,1.0,1.0,0.0,0.11505206,0.5,0.15317091,0.0,0.16759346,0.0,0.0,0.2857143,1.0,0.0,0.66079724,0.3535057,0.36297292,0.54155505,1.0,1.0,0.8643182,0.0,0.8642043,0.0,0.032258064,0.0,1.0,0.26200077,0.0,0.2244643,0.0,0.0,0.2857143,0.33333334,0.0,0.68711185,0.33390155,0.29983416,0.6345664,1.0,1.0,0.98092234,0.0,0.950063,1.0,0.0,0.2548679,0.5,0.21244314,0.0,0.034616545,0.0,0.0,0.2857143,1.0,0.0,0.6225546,0.26191872,0.24813554,0.5359363,1.0,1.0,0.9725445,0.0,0.92355424,0.0,0.032258064,0.0,0.5,0.23172657,0.06858776,0.0,0.0,0.0,0.2857143,1.0,0.0,0.5907541,0.320016,0.33531487,0.54644024,1.0,1.0,1.0,0.0,0.858634,0.0,0.0,0.10924256,0.5,0.24991266,0.099322475,0.024108905,0.0,0.0,0.2857143,1.0,0.0,0.60766727,0.34612343,0.3498576,0.51294833,1.0,1.0,1.0,0.0,0.8364349,0.0,0.032258064,0.06183493,0.5,0.2718613,0.18436019,0.008055822,0.0,0.0,0.2857143,1.0,0.0
9751,IS,0.6774193,1.0,1.0,0.3709276,0.31747136,0.03484594,0.0,0.0,0.8,0.14285715,0.87926316,0.66296875,0.9735236,0.6586783,0.504894,0.50505006,0.50505024,0.5050501,0.58440053,0.52448535,0.3073843,0.5252675,0.9998796,1.0,1.0,2.3685416e-08,0.99166673,1.0,0.0,0.03806082,0.0,0.02412166,0.022644525,0.0,0.0,0.0,0.2857143,1.0,0.0,0.6436732,0.30047113,0.28159216,0.5024903,0.95908356,1.0,0.98559153,0.0,0.8793537,0.0,0.032258064,0.045710966,1.0,0.44269818,0.006286899,0.045834843,0.0,0.0,0.2857143,0.33333334,0.2857143,0.5788642,0.3604929,0.3495998,0.56751484,0.986873,0.94862497,0.9919203,6.42192e-08,1.0,1.0,0.0,0.0971366,0.2857143,0.07694742,0.07465053,0.034031108,0.0,0.0,0.2857143,1.0,0.0,0.5147908,0.22848071,0.2129228,0.53439933,0.97599804,0.8624874,0.9740874,0.0,0.93909484,1.0,0.0,0.105790555,0.5,0.0,0.0,0.044162348,0.0,0.0,0.2857143,1.0,0.0,0.5300511,0.42748183,0.51774454,0.6164961,0.9693241,0.9350926,1.0,0.0,0.9985998,1.0,0.0,0.15142158,0.71428573,0.0016620996,0.0029998955,0.062776335,0.0,0.0,0.2857143,1.0,0.0,0.51791847,0.21890545,0.19913702,0.51592344,0.9802864,0.93653345,1.0,0.0,0.8454886,0.0,0.032258064,0.047744893,0.21428573,0.11440537,0.013924852,0.036955077,0.0,0.0,0.2857143,0.6666667,0.14285715
9751,IS2noITF,0.6774193,1.0,1.0,0.36577776,0.37542015,0.035927474,0.0,0.0,0.8,0.14285715,0.9675013,0.7339821,0.963073,0.67269063,0.5050496,0.50505,0.50504994,0.50504994,0.5562419,0.549251,0.4626515,0.5173967,0.99999976,0.96292245,1.0,8.106522e-08,1.0,1.0,0.0,0.06025302,0.0,0.027661938,0.044594213,0.0107565485,0.0,0.0,0.2857143,1.0,0.0,0.60958076,0.33999288,0.39611596,0.5238481,0.98390913,1.0,1.0,0.0,0.95654124,0.0,0.032258064,0.07631944,1.0,0.36393327,0.0070296554,0.1644246,0.0,0.0,0.2857143,0.33333334,0.2857143,0.51698285,0.35844195,0.24205095,0.48803583,0.9952584,0.9581181,1.0,1.0632194e-07,1.0,1.0,0.0,0.096032426,0.2857143,0.0849157,0.07194328,0.02514955,0.0,0.0,0.2857143,1.0,0.0,0.546912,0.3361289,0.23323101,0.48706996,0.97903436,0.9446479,0.9748498,0.0,1.0,1.0,0.0,0.13752161,0.5,0.0,0.024842175,0.032197583,0.0,0.0,0.2857143,1.0,0.0,0.49866983,0.38758782,0.30926773,0.5004326,0.97555894,0.91083235,1.0,3.9188174e-07,1.0,1.0,0.0,0.1631447,0.71428573,0.045060683,0.043166067,0.0,0.0,0.0,0.2857143,1.0,0.0,0.5501842,0.3037611,0.25225684,0.5129051,0.98568213,1.0,1.0,0.0,0.8300686,0.0,0.032258064,0.0,0.21428573,0.11746443,0.029610576,0.0,0.0,0.0,0.2857143,0.6666667,0.14285715
9751,IS2,0.6774193,1.0,1.0,0.36554724,0.3837799,0.023987766,0.0,0.0,0.8,0.14285715,0.96330297,0.7282858,0.96685046,0.6572731,0.5050463,0.50505,0.50505006,0.50505,0.5332716,0.55924386,0.4779848,0.5248476,1.0,0.9588856,1.0,2.69e-07,1.0,1.0,0.0,0.05813726,0.0,0.039060637,0.0418525,0.015766783,0.0,0.0,0.2857143,1.0,0.0,0.59508824,0.3300075,0.40454438,0.5196466,0.98911566,1.0,1.0,0.0,0.9533913,0.0,0.032258064,0.07170214,1.0,0.37401813,0.009815769,0.16471973,0.0,0.0,0.2857143,0.33333334,0.2857143,0.498464,0.35737857,0.23224439,0.48301154,0.99476135,0.94665545,1.0,2.62e-08,1.0,1.0,0.0,0.096692555,0.2857143,0.098723665,0.05112361,0.029425086,0.0,0.0,0.2857143,1.0,0.0,0.5166063,0.32346284,0.24856734,0.48569572,0.9874449,0.94223404,0.9902575,5.06e-08,1.0,1.0,0.0,0.13638715,0.5,0.0,0.02258079,0.03767172,0.0,0.0,0.2857143,1.0,0.0,0.47032994,0.373463,0.30799103,0.49159145,0.9791328,0.90338886,1.0,1.15e-07,1.0,1.0,0.0,0.15764782,0.71428573,0.05881843,0.036456823,0.012426214,0.0,0.0,0.2857143,1.0,0.0,0.524543,0.29065445,0.26073894,0.5073254,0.98801523,1.0,1.0,0.0,0.8308784,0.0,0.032258064,0.0,0.21428573,0.12503883,0.019944152,0.0,0.0,0.0,0.2857143,0.6666667,0.14285715
9967,GT,0.6774193,0.8571429,1.0,0.555556,0.141414,0.0,0.0,1.0,0.0,0.0,0.989899,0.989899,0.989899,0.989899,0.50505,0.50505,0.50505,0.50505,1.0,1.0,1.0,1.0,1.0,1.0,1.0,0.0,1.0,0.0,0.032258064,0.0,0.71428573,0.0,0.0,0.0,0.0,0.0,0.0,0.33333334,0.0,1.0,1.0,1.0,1.0,1.0,1.0,1.0,0.0,0.717172,0.0,0.032258064,0.50505,0.42857146,0.0,0.0,0.0,0.0,0.0,0.0,0.33333334,0.0,1.0,1.0,1.0,1.0,1.0,1.0,1.0,0.0,1.0,0.0,0.12903225,0.0,0.35714287,0.0,0.0,0.0,0.0,0.0,0.0,0.6666667,0.0,1.0,1.0,1.0,1.0,1.0,1.0,1.0,0.0,0.909091,0.0,0.16129032,0.0,0.6428572,0.0,0.0,0.0,0.0,0.0,0.0,0.33333334,0.0,1.0,1.0,1.0,1.0,1.0,1.0,1.0,0.0,0.89899,0.0,0.09677419,0.0,0.2857143,0.0,0.0,0.0,0.0,0.0,0.0,0.33333334,0.0,1.0,1.0,1.0,1.0,1.0,1.0,1.0,0.0,0.434343,0.0,0.2580645,0.0,0.35714287,0.0,0.0,0.0,0.0,0.0,0.0,0.33333334,0.0
9967,Flow,0.12903225,0.0,1.0,0.31858146,0.06862949,0.042045355,0.11662255,1.0,0.0,0.0,1.0,0.934682,1.0,0.9370332,0.50712544,0.5192392,0.527189,0.5087762,1.0,0.963369,0.93092275,0.9083868,1.0,1.0,1.0,0.0,1.0,0.0,0.032258064,0.0,0.5,0.22655553,0.1543038,0.0,0.0,0.0,0.0,0.33333334,0.0,1.0,0.88028896,0.9798155,0.93554944,1.0,1.0,1.0,0.0,0.9229114,0.0,0.032258064,0.0,0.2857143,0.24198407,0.14585268,0.0,0.0,0.0,0.0,0.33333334,0.0,0.9891514,1.0,0.9669585,0.87893677,1.0,1.0,1.0,0.0,0.8534374,0.0,0.12903225,0.11560075,0.35714287,0.23111805,0.063995585,0.0,0.0,0.0,0.0,1.0,0.0,0.9815887,0.985202,0.90887266,0.925483,1.0,1.0,1.0,0.0,0.87114304,0.0,0.12903225,0.0,0.5,0.25381607,0.03286904,0.0139968395,0.0,0.0,0.0,0.0,0.0,0.97119826,1.0,0.98425007,0.92149967,1.0,1.0,1.0,0.0,0.82637286,0.0,0.12903225,0.0,0.2857143,0.28025472,0.14181562,0.082224235,0.0,0.0,0.0,1.0,0.0,1.0,0.8514327,0.89344645,0.98613924,1.0,0.9282303,0.8114788,0.0,0.72583884,0.0,0.12903225,0.022418112,0.5,0.2559408,0.23709846,0.10969137,0.0,0.0,0.0,1.0,0.0
9967,IS,0.6774193,0.8571429,1.0,0.47943586,0.04960015,0.0,0.10566234,1.0,0.0,0.0,0.8879743,0.839681,0.93694884,0.8396076,0.5072998,0.50505,0.50505006,0.5050502,0.92692816,0.7865517,0.76176405,0.93193275,0.9999972,0.8609063,0.88286805,4.287987e-08,0.97588456,0.0,0.032258064,0.0,0.71428573,0.0,0.0,0.0,0.0,0.0,0.0,0.33333334,0.0,1.0,0.90492696,0.709681,0.7213203,1.0,1.0,1.0,0.0,0.84247315,0.0,0.032258064,0.09937094,0.42857146,0.15334192,0.0,0.008764167,0.0,0.0,0.0,0.33333334,0.0,1.0,1.0,0.9803037,0.89146125,0.9922357,0.9340523,0.93185943,5.7537495e-08,0.961464,0.0,0.12903225,0.051432867,0.35714287,0.089502834,0.0,0.0011392663,0.0,0.0,0.0,0.6666667,0.0,1.0,0.87465614,1.0,0.95008004,1.0,0.9112564,0.9304915,0.0,0.9123551,0.0,0.16129032,0.026324423,0.6428572,0.12968273,0.0,0.04439766,0.0,0.0,0.0,0.33333334,0.0,0.9655254,0.8967234,1.0,0.8618881,0.9904684,0.90709126,0.97892994,8.0017974e-09,0.954863,0.0,0.09677419,0.051145863,0.2857143,0.11247458,0.00789969,0.0,0.0,0.0,0.0,0.33333334,0.0,0.89060473,0.898695,0.8682874,0.8148728,1.0,1.0,0.9599579,1.4389799e-07,0.583274,0.0,0.2580645,0.013551059,0.35714287,0.061060026,0.0,0.00068060576,0.0,0.0,0.0,0.33333334,0.0
9967,IS2noITF,0.6774193,0.8571429,1.0,0.41493064,0.07013928,0.0,0.028886573,1.0,0.0,0.0,0.98098594,1.0,1.0,1.0,0.50504994,0.50505006,0.5050499,0.50504994,0.9321281,0.8746961,0.89032716,0.9729232,1.0,0.904425,1.0,7.939608e-08,0.9729838,0.0,0.032258064,0.009173053,0.71428573,0.07610169,0.0,0.0,0.0,0.0,0.0,0.33333334,0.0,0.9380928,0.93712837,0.8393776,0.9939649,1.0,1.0,1.0,0.0,0.65988255,0.0,0.032258064,0.092887774,0.42857146,0.0,0.007949393,0.0,0.0,0.0,0.0,0.33333334,0.0,0.9914985,0.96350294,0.82381725,0.93132764,0.9969804,0.9546022,1.0,1.041834e-07,1.0,0.0,0.12903225,0.00833846,0.35714287,0.032783777,0.016781699,0.00075002166,0.0,0.0,0.0,0.6666667,0.0,0.9626651,0.9033191,0.90333927,1.0,0.98382676,0.912939,0.8584526,0.0,0.8460953,0.0,0.16129032,0.06902326,0.6428572,0.0598541,0.0,0.05114871,0.0,0.0,0.0,0.33333334,0.0,0.957642,0.8809613,0.89584935,0.98498815,1.0,0.91258806,0.98733693,4.0720184e-07,0.86655986,0.0,0.09677419,0.046650816,0.2857143,0.018161532,0.0,0.0,0.0,0.0,0.0,0.33333334,0.0,1.0,0.78256595,0.7894592,0.9466338,0.99965906,0.9721423,0.86532557,0.0,0.59855616,0.0,0.2580645,0.0,0.35714287,0.0,0.0,0.0,0.0,0.0,0.0,0.33333334,0.0
9967,IS2,0.6774193,0.8571429,1.0,0.42215255,0.061965797,0.0,0.02173641,1.0,0.0,0.0,0.973894,1.0,1.0,1.0,0.50505203,0.50505,0.50505,0.50504994,0.9550913,0.89351976,0.91971767,1.0,1.0,0.8784434,1.0,0.0,0.96941036,0.0,0.032258064,0.005663089,0.71428573,0.08008426,0.0,0.0,0.0,0.0,0.0,0.33333334,0.0,0.9510236,0.9437454,0.87102395,1.0,1.0,0.9828656,1.0,0.0,0.65849596,0.0,0.032258064,0.09422521,0.42857146,0.0,0.005589961,0.0,0.0,0.0,0.0,0.33333334,0.0,1.0,0.9679567,0.840928,0.96917266,1.0,0.9356803,1.0,0.0,1.0,0.0,0.12903225,0.003995709,0.35714287,0.02392481,0.012304724,0.0,0.0,0.0,0.0,0.6666667,0.0,0.97144324,0.9301253,0.95190555,1.0,0.9904566,0.88958037,0.8512209,0.0,0.8449168,0.0,0.16129032,0.06091519,0.6428572,0.056598496,0.0,0.038153697,0.0,0.0,0.0,0.33333334,0.0,0.96736765,0.9158602,0.923675,1.0,1.0,0.8990228,0.9997952,1.69e-07,0.876558,0.0,0.09677419,0.052439053,0.2857143,0.0,0.0,0.0,0.0,0.0,0.0,0.33333334,0.0,1.0,0.80254215,0.81912583,0.9764285,1.0,0.95118326,0.8501448,0.0,0.5826368,0.0,0.2580645,0.0,0.35714287,0.0,0.0,0.0,0.0,0.0,0.0,0.33333334,0.0
16524,GT,0.06451613,0.0,1.0,0.353535,0.0,0.0,0.0,1.0,0.0,0.42857146,1.0,1.0,1.0,1.0,0.50505,0.50505,0.50505,0.50505,0.626263,0.212121,0.464646,0.292929,1.0,1.0,1.0,0.0,1.0,0.0,0.032258064,0.0,0.5,0.0,0.0,0.0,0.0,0.0,0.0,0.0,0.0,0.333333,0.454545,0.454545,0.141414,0.494949,0.50505,0.50505,0.0,1.0,0.0,0.032258064,0.0,0.7857143,0.0,0.0,0.0,0.0,0.0,0.0,0.0,0.0,0.191919,0.454545,0.454545,0.141414,0.494949,0.50505,0.50505,0.0,1.0,0.0,0.032258064,0.0,0.21428573,0.0,0.0,0.0,0.0,0.0,0.0,0.0,0.0,0.323232,0.494949,0.464646,0.141414,1.0,1.0,1.0,0.0,0.949495,0.0,0.06451613,0.0,0.5,0.0,0.0,0.0,0.0,0.0,0.0,0.0,0.0,0.858586,0.454545,0.454545,0.141414,0.494949,0.50505,0.50505,0.0,0.89899,0.0,0.29032257,0.0,0.5,0.0,0.0,0.0,0.0,0.0,0.0,0.0,0.0,0.181818,0.474747,0.484848,0.212121,1.0,1.0,1.0,0.0,0.737374,1.0,0.0,0.464646,0.5,0.0,0.0,0.0,0.0,0.0,0.0,0.0,0.0
16524,Flow,0.06451613,0.0,1.0,0.34501052,0.08452682,0.07158542,0.0,1.0,0.0,0.42857146,1.0,0.9690691,1.0,0.97666144,0.4999892,0.49506488,0.5361888,0.49033457,0.48976874,0.5739399,0.59562635,0.38198042,0.97701544,0.9135729,1.0,0.0,1.0,0.0,0.032258064,0.0,0.5,0.022885457,0.0,0.0,0.0,0.0,0.0,0.0,0.0,0.5274053,0.49164683,0.52174956,0.26492983,0.8329379,0.86378676,0.76533973,0.0,0.8029895,0.0,0.032258064,0.0,0.5,0.11025463,0.0,0.0,0.0,0.0,0.0,0.0,0.0,0.4839906,0.609331,0.53489804,0.2875607,0.85648566,0.8062711,0.9351517,0.0,0.760302,0.0,0.032258064,0.033158973,0.5714286,0.024184793,0.0,0.0,0.0,0.0,0.0,0.0,0.0,0.47169447,0.5277319,0.5254577,0.32956275,0.79719377,0.8310404,0.69197184,0.0,0.7963078,0.0,0.032258064,0.0,0.5,0.09571695,0.0,0.0,0.0,0.0,0.0,0.0,0.0,0.5077821,0.62355524,0.49542058,0.29344907,0.8021598,0.66302633,0.6901922,0.0,0.7800332,0.0,0.032258064,0.030866697,0.5,0.16784815,0.042778328,0.0006059855,0.0,0.0,0.0,0.0,0.0,0.55613536,0.63320535,0.552612,0.27575272,0.8675028,0.71845186,0.70797217,0.0,0.7135152,1.0,0.0,0.37590814,0.5,0.12710448,0.0,0.0,0.0,0.0,0.0,0.0,0.0
16524,IS,0.06451613,0.0,1.0,0.390754,0.0029026205,0.020478241,0.0,1.0,0.0,0.42857146,1.0,0.9550419,0.98901516,1.0,0.50621617,0.5050501,0.5050501,0.5050501,0.6258866,0.3809343,0.4985041,0.33325785,0.99984705,0.9416647,0.8475981,2.3509212e-08,1.0,0.0,0.032258064,0.0,0.5,0.32246634,0.050624456,0.01658212,0.0,0.0,0.0,0.0,0.0,0.39573073,0.46730316,0.58871585,0.18511416,0.82637197,0.62790877,0.61857027,1.9263457e-08,0.75953454,0.0,0.032258064,0.0,0.7857143,0.31466758,0.0070219445,0.02523324,0.0,0.0,0.0,0.0,0.0,0.40659666,0.4256294,0.42293647,0.23988813,0.93630964,0.6614465,0.53669333,6.44626e-08,0.7971966,0.0,0.032258064,0.0,0.21428573,0.30876508,0.0985594,0.022049595,0.0,0.0,0.0,0.0,0.0,0.4456997,0.5621579,0.5289381,0.29001993,0.9342619,0.8092228,0.95840985,0.0,0.88009566,0.0,0.06451613,0.0,0.5,0.30221653,0.04251253,0.0327622,0.0,0.0,0.0,0.0,0.0,0.7326063,0.4699929,0.45275724,0.17944108,0.93145895,0.52120733,0.5331628,0.0,0.9010819,0.0,0.29032257,0.027375182,0.5,0.34681353,0.06609596,0.055787895,0.0,0.0,0.0,0.0,0.0,0.36177117,0.55707604,0.5467984,0.15530723,0.968274,0.90306515,0.8814314,1.614813e-08,0.7934146,1.0,0.0,0.28362224,0.5,0.38025331,0.07578407,0.03913473,0.0,0.0,0.0,0.0,0.0
16524,IS2noITF,0.06451613,0.0,1.0,0.3816253,0.13980742,0.024967965,0.0049511814,1.0,0.0,0.42857146,1.0,0.98279744,1.0,0.95308733,0.50504965,0.50505006,0.5050499,0.50504994,0.6260022,0.38711485,0.5822012,0.25922963,0.9999997,0.92784286,1.0,7.916181e-08,1.0,0.0,0.032258064,0.012021117,0.5,0.30910203,0.040725343,0.0005846933,0.0,0.0,0.0,0.0,0.0,0.43227327,0.48112148,0.61123663,0.18147768,0.84806395,0.6767553,0.7963398,0.0,0.7752565,0.0,0.032258064,0.0,0.7857143,0.33345038,0.0,0.0,0.0,0.0,0.0,0.0,0.0,0.4087194,0.37499163,0.39729837,0.12103245,0.9546823,0.6464421,0.7052563,1.0606665e-07,0.9021554,0.0,0.032258064,0.013871162,0.21428573,0.3252378,0.022039164,0.0,0.0,0.0,0.0,0.0,0.0,0.4072153,0.50111514,0.5231395,0.24025024,0.94101727,0.8713868,1.0,0.0,0.75501007,0.0,0.06451613,0.02664247,0.5,0.30346808,0.0072251153,0.0,0.0,0.0,0.0,0.0,0.0,0.8174435,0.42161322,0.59586596,0.13906306,0.9392855,0.51134145,0.6636887,3.803052e-07,0.87758154,0.0,0.29032257,0.038217053,0.5,0.30000255,0.024673587,0.0,0.0,0.0,0.0,0.0,0.0,0.40190917,0.5151497,0.63286674,0.1502493,0.9636423,0.81854844,1.0,0.0,0.7977455,1.0,0.0,0.27915516,0.5,0.44389194,0.03291072,0.017421879,0.0,0.0,0.0,0.0,0.0
16524,IS2,0.06451613,0.0,1.0,0.3733777,0.13905065,0.020939525,0.0,1.0,0.0,0.42857146,1.0,0.9781153,1.0,0.9655507,0.5050469,0.50505,0.50505,0.5050501,0.6250968,0.37401792,0.5878849,0.24556898,0.9999997,0.9185566,1.0,4.51e-08,1.0,0.0,0.032258064,0.008668312,0.5,0.30960625,0.045959387,0.000805038,0.0,0.0,0.0,0.0,0.0,0.40286607,0.47419667,0.6286637,0.17428747,0.8399766,0.6491678,0.79693985,0.0,0.7645104,0.0,0.032258064,0.0,0.7857143,0.3454189,0.0,0.00487524,0.0,0.0,0.0,0.0,0.0,0.39274573,0.35963786,0.39212164,0.10758226,0.95302415,0.61667883,0.7065324,0.0,0.91054773,0.0,0.032258064,0.011705323,0.21428573,0.33603072,0.0306214,0.0,0.0,0.0,0.0,0.0,0.0,0.3811979,0.49154437,0.52559197,0.23597693,0.93945044,0.856801,1.0,1.05e-08,0.75184304,0.0,0.06451613,0.022533238,0.5,0.29985568,0.010973072,0.0,0.0,0.0,0.0,0.0,0.0,0.8158109,0.42653924,0.60393006,0.13245685,0.9363572,0.4829348,0.6626663,0.0,0.8855602,0.0,0.29032257,0.037041713,0.5,0.29743525,0.024963602,0.002591341,0.0,0.0,0.0,0.0,0.0,0.3770304,0.5296108,0.65302324,0.14863795,0.964489,0.80934966,1.0,0.0,0.795802,1.0,0.0,0.29709595,0.5,0.4525907,0.033713046,0.017755268,0.0,0.0,0.0,0.0,0.0
21205,GT,0.16129032,0.0,0.0,0.353535,0.0,0.0,0.0,1.0,0.0,0.42857146,0.535354,0.969697,0.959596,0.606061,0.50505,0.50505,0.50505,0.50505,1.0,1.0,0.767677,0.222222,1.0,1.0,0.989899,0.0,1.0,1.0,0.06451613,0.040404,0.5,0.0,0.0,0.0,1.0,1.0,0.0,0.0,0.0,1.0,0.888889,0.666667,0.333333,1.0,1.0,0.979798,0.0,0.828283,1.0,0.06451613,0.414141,0.5,0.545455,0.0,0.0,0.0,0.0,0.42857146,0.0,0.0,1.0,1.0,1.0,0.212121,1.0,1.0,1.0,0.0,0.979798,1.0,0.032258064,0.767677,0.5,0.444444,0.0,0.0,1.0,0.0,0.0,0.0,0.0,1.0,0.474747,0.20202,0.232323,1.0,0.969697,0.929293,0.0,0.969697,1.0,0.06451613,0.050505,0.5,0.0,0.0,0.0,0.0,0.0,0.0,0.0,0.0,1.0,1.0,1.0,0.252525,1.0,1.0,1.0,0.0,1.0,1.0,0.19354838,0.141414,0.5,0.0,0.0,0.0,0.0,0.0,0.0,0.0,0.0,0.939394,0.535354,0.282828,0.212121,0.868687,0.858586,0.525253,0.0,0.959596,1.0,0.4516129,0.69697,0.5,0.555556,0.0,0.0,1.0,0.0,0.0,0.0,0.0
21205,Flow,0.16129032,0.0,1.0,0.5050673,0.0,0.1259443,0.0,1.0,0.0,0.42857146,1.0,1.0,1.0,1.0,0.5167012,0.4801085,0.4518053,0.48427123,0.86232316,0.9210479,0.5892009,0.37929654,1.0,1.0,0.9516282,0.0,1.0,1.0,0.06451613,0.24738353,0.5,0.0,0.0,0.0,0.0,0.0,0.0,0.0,0.0,0.980469,1.0,0.5869698,0.24607438,1.0,1.0,1.0,0.0019567758,0.8796888,1.0,0.06451613,0.4042315,0.5,0.016662568,0.0,0.0,0.0,0.0,0.0,0.0,0.0,0.92241,0.9323473,0.71382815,0.23853639,1.0,1.0,1.0,0.0,0.9180369,1.0,0.032258064,0.49496174,0.5,0.0,0.0,0.0,0.0,0.0,0.42857146,0.0,0.0,0.95260334,0.9471948,0.5621506,0.23299551,1.0,1.0,0.96251124,0.0,0.8588966,1.0,0.06451613,0.2252458,0.5,0.0074097514,0.0,0.0,0.0,0.0,0.0,0.0,0.0,1.0,1.0,0.8780221,0.2702822,1.0,1.0,1.0,0.0,0.8281952,0.0,0.19354838,0.4042367,0.5,0.0,0.0,0.0,0.0,0.0,0.0,0.0,0.0,0.8736787,0.8854321,0.645888,0.20872736,0.99137336,1.0,0.87857205,0.0,0.81245565,1.0,0.19354838,0.32598674,0.5,0.0,0.0,0.0,0.0,0.0,0.0,0.0,0.0
21205,IS,0.16129032,0.0,1.0,0.4730843,0.011525168,0.023456672,0.032841463,1.0,0.0,0.42857146,0.9299164,0.92433906,0.94159514,0.9954015,0.5058472,0.5050502,0.50505024,0.5050501,0.9812956,0.97053844,0.74885195,0.19330345,1.0,0.9861766,0.9481917,2.127388e-08,1.0,1.0,0.06451613,0.05312441,0.5,0.0,0.017360281,0.0,0.0,0.0,0.0,0.0,0.0,0.9788552,1.0,0.70178044,0.31589672,1.0,0.9315555,0.8923167,2.1141402e-09,0.81902087,1.0,0.06451613,0.40412313,0.5,0.04897685,0.009490911,0.038587183,0.0,0.0,0.0,0.0,0.0,0.982125,0.9931025,0.95092267,0.15440445,0.99688286,0.96843934,0.98301727,6.474501e-08,0.9972773,1.0,0.032258064,0.7209982,0.5,0.007538465,0.0,0.0,0.0,0.0,0.42857146,0.0,0.0,0.96677846,0.5151499,0.2526083,0.17397483,1.0,0.95089525,0.89731044,0.0,0.9590215,1.0,0.06451613,0.083005905,0.5,0.087746195,0.020710427,0.08340932,0.0,0.0,0.0,0.0,0.0,0.9875939,1.0,0.9858455,0.26965445,0.9826868,0.9819702,0.97484213,0.0,0.9502928,1.0,0.19354838,0.22285733,0.5,0.013235813,0.0,0.0,0.0,0.0,0.0,0.0,0.0,0.8831379,0.603151,0.3681911,0.1551283,0.873157,0.77403456,0.5059858,0.0,0.9607345,1.0,0.19354838,0.67454123,0.5,0.0038355612,0.010648915,0.03562687,0.0,0.0,0.0,0.0,0.0
21205,IS2noITF,0.16129032,0.0,1.0,0.5368774,0.0,0.045690577,0.066683225,1.0,0.0,0.42857146,0.98924977,0.9349234,1.0,0.98944855,0.5050498,0.50505006,0.5050499,0.50504994,1.0,1.0,0.83781284,0.2219295,0.99999976,1.0,0.98052806,8.1188524e-08,0.99802685,1.0,0.06451613,0.07866236,0.5,0.0,0.0,0.0,0.0,0.0,0.0,0.0,0.0,0.91238153,1.0,0.64720577,0.30081806,1.0,0.97564435,0.93898267,0.0,0.86742765,1.0,0.06451613,0.39305177,0.5,0.0,0.010177531,0.024289576,0.0,0.0,0.0,0.0,0.0,1.0,0.987959,1.0,0.18847992,0.9992682,0.968623,1.0,1.01486286e-07,1.0,1.0,0.032258064,0.6985084,0.5,0.0,0.0,0.0,0.0,0.0,0.42857146,0.0,0.0,0.98017484,0.47427493,0.2599855,0.19377746,0.99975914,0.96597874,0.94439346,0.0,0.99212533,1.0,0.06451613,0.069526695,0.5,0.0,0.0,0.002662378,0.0,0.0,0.0,0.0,0.0,0.96325654,1.0,0.9809041,0.22416648,0.9956901,1.0,1.0,3.5444467e-07,0.9658297,1.0,0.19354838,0.16760433,0.5,0.0,0.0,0.0,0.0,0.0,0.0,0.0,0.0,0.9784964,0.6544596,0.38301605,0.23836905,0.9057293,0.8894829,0.49620286,7.0589614e-08,0.98442316,1.0,0.19354838,0.6136919,0.5,0.0,0.006096566,0.0,0.0,0.0,0.0,0.0,0.0
21205,IS2,0.16129032,0.0,1.0,0.5436275,0.0,0.03829345,0.0666965,1.0,0.0,0.42857146,0.98695636,0.9289244,0.99833053,0.9968546,0.50505024,0.5050501,0.50505,0.5050501,1.0,1.0,0.8394422,0.21810566,1.0,1.0,0.98841166,0.0,0.9981079,1.0,0.06451613,0.078132495,0.5,0.0,0.0,0.0,0.0,0.0,0.0,0.0,0.0,0.9322421,1.0,0.65781593,0.29890612,1.0,0.9798032,0.9683855,0.0,0.86529994,1.0,0.06451613,0.40162557,0.5,0.0,0.009429481,0.0258113,0.0,0.0,0.0,0.0,0.0,1.0,0.9970899,1.0,0.18841125,1.0,0.9763444,1.0,4.13e-08,1.0,1.0,0.032258064,0.70773596,0.5,0.0,0.0,0.0,0.0,0.0,0.42857146,0.0,0.0,0.99544436,0.4745199,0.26459485,0.18406098,0.99991786,0.9615824,0.9452949,1.23e-07,0.9954497,1.0,0.06451613,0.06457632,0.5,0.0,0.0,0.005489247,0.0,0.0,0.0,0.0,0.0,0.977346,1.0,0.99397975,0.22138557,0.99602896,1.0,1.0,5.15e-08,0.9786003,1.0,0.19354838,0.17072591,0.5,0.0,0.0,0.0,0.0,0.0,0.0,0.0,0.0,0.9898495,0.675127,0.3921903,0.23325989,0.9055358,0.89038426,0.49872315,8.77e-08,0.9910028,1.0,0.19354838,0.63046116,0.5,0.0,0.003334772,0.0,0.0,0.0,0.0,0.0,0.0
76,UNet,0.032258064,1.0,1.0,0.35257551074028015,0.3021334707736969,0.19423054158687592,0.7453889846801758,0.0,0.8,0.14285715,0.8909639716148376,0.6377026438713074,0.963431179523468,0.5965737104415894,0.5045459866523743,0.47945868968963623,0.5314319133758545,0.528383731842041,0.5474358797073364,0.367150217294693,0.2160452902317047,0.3984632194042206,1.0,0.9005265235900879,0.8748384714126587,0.0,0.9944541454315186,1.0,0.0,0.2017941176891327,0.0,0.03667623922228813,0.0,0.0,0.0,0.0,0.2857143,0.0,0.14285715,0.9894359707832336,0.23819127678871155,0.010963321663439274,0.42652297019958496,1.0,1.0,0.9272015690803528,0.0,0.7129608392715454,0.0,0.06451613,0.01847938261926174,0.071428575,0.033869169652462006,0.0,0.01519930548965931,0.0,0.0,0.14285715,0.0,0.0,0.510619580745697,0.3528507649898529,0.22431762516498566,0.48094063997268677,0.9800347089767456,0.9362578392028809,0.8519855737686157,0.0065606581047177315,1.0,1.0,0.0,0.2996368706226349,0.0,0.02036740630865097,0.002027372131124139,0.008673582226037979,0.0,0.0,0.2857143,0.0,0.0,1.0,0.420931339263916,0.0,0.26871681213378906,0.9808336496353149,0.9311397075653076,0.923636257648468,0.0,0.8775333166122437,0.0,0.06451613,0.0,0.35714287,0.5354084372520447,0.004882591776549816,1.0,0.0,0.0,0.14285715,0.0,0.14285715,1.0,0.4884464144706726,0.0,0.2689574360847473,1.0,0.9336548447608948,0.8405174016952515,0.0,0.6693863868713379,0.0,0.06451613,0.01491482276469469,1.0,0.25679776072502136,0.02071456052362919,0.22960641980171204,0.0,0.0,0.14285715,0.0,0.0,1.0,0.4834137260913849,0.0,0.2965312600135803,0.9801422357559204,0.9285023808479309,0.867335855960846,0.0,0.519659161567688,0.0,0.32258064,0.0,1.0,0.16199082136154175,0.014422399923205376,0.2558199167251587,0.0,0.0,0.14285715,0.0,0.0
146,UNet,0.9677419,0.71428573,0.0,0.3633955717086792,0.3303784132003784,0.0,0.0,0.0,0.8,0.2857143,0.8988749980926514,0.6333546042442322,0.919914960861206,0.5761435627937317,0.5170432329177856,0.4778856337070465,0.4937051236629486,0.5440268516540527,0.959009051322937,0.32515549659729004,0.22451646625995636,0.39787688851356506,0.9714993238449097,0.7979099750518799,0.025209244340658188,0.0,1.0,0.0,0.032258064,0.0071320682764053345,0.5,0.0,0.0,0.002163885161280632,0.0,0.0,0.42857146,0.0,0.42857146,0.9538122415542603,0.31001031398773193,0.2531805634498596,0.45209336280822754,0.9928193092346191,0.7773760557174683,0.005378269124776125,0.006599900312721729,0.909462571144104,0.0,0.032258064,0.02505333721637726,0.5,0.010706131346523762,0.043899085372686386,0.0,0.0,0.0,0.42857146,0.0,0.42857146,0.9505044221878052,0.27523273229599,0.2408307045698166,0.3627394139766693,1.0,0.8014143109321594,0.0,0.0,0.8982944488525391,0.0,0.032258064,0.02514379657804966,0.071428575,0.059901926666498184,0.08741587400436401,0.012432282790541649,0.0,0.0,0.42857146,0.0,0.42857146,0.9400108456611633,0.2390686273574829,0.26055634021759033,0.3796517848968506,0.9875392913818359,0.7897180914878845,0.0,0.031979408115148544,0.9845094680786133,0.0,0.032258064,0.0,0.5,0.0,0.0,0.0,0.0,0.0,0.42857146,0.0,0.0,0.9680835008621216,0.8813208937644958,0.25643324851989746,0.43352219462394714,0.9850211143493652,0.7725326418876648,0.0,0.0,1.0,0.0,0.032258064,0.0,0.5,0.025154676288366318,0.0,0.027947191148996353,0.0,0.0,0.42857146,0.0,1.0,0.9812455177307129,0.2983308732509613,0.2513021230697632,0.38439637422561646,1.0,0.7944314479827881,0.0,0.0,0.6617436408996582,0.0,0.16129032,0.047372736036777496,0.5,0.004799748305231333,0.0,0.00857478380203247,0.0,0.0,0.42857146,0.0,1.0
216,UNet,0.87096775,0.8571429,0.0,0.3927150368690491,0.006581475026905537,0.0,0.03318865969777107,1.0,0.0,0.0,1.0,1.0,1.0,0.9632659554481506,0.4640052318572998,0.5545778274536133,0.5567599534988403,0.49966442584991455,0.9683023691177368,0.5488933324813843,0.13850563764572144,0.6499261856079102,1.0,0.9780608415603638,0.0,0.0,1.0,1.0,0.0,0.05232545733451843,0.5,0.002717547118663788,0.01931816339492798,0.0,0.0,0.0,0.2857143,0.0,0.0,0.9985384345054626,0.6615720987319946,0.13515260815620422,0.832241415977478,0.9899762868881226,0.9365680813789368,0.0,1.0,0.8844649195671082,0.0,0.032258064,0.0,0.42857146,0.42402172088623047,0.01614346355199814,0.12092994153499603,0.0,0.0,0.2857143,0.0,0.42857146,0.9751628637313843,0.48417171835899353,0.16500124335289001,0.6234369277954102,1.0,0.9573673605918884,0.002714693546295166,0.0068468498066067696,1.0,1.0,0.12903225,0.2684263288974762,0.5,0.0,0.0,0.0,0.0,0.0,0.2857143,0.0,0.0,0.9822787642478943,0.6963371634483337,0.20789261162281036,0.5538854598999023,0.9803755879402161,0.8446723222732544,0.0,0.0,0.8932077884674072,0.0,0.032258064,0.0,0.6428572,0.461818128824234,0.0,0.40043264627456665,0.0,0.0,0.0,0.0,0.42857146,1.0,0.48663032054901123,0.2903284430503845,0.9540973901748657,1.0,0.5911160111427307,0.0,0.01024666614830494,0.4053959250450134,0.0,0.54838705,0.11180828511714935,0.5,0.3865806460380554,0.6091791391372681,0.013042982667684555,0.0,0.0,0.0,0.0,0.71428573,0.9887152910232544,0.8040663003921509,0.9587531089782715,0.9928547739982605,0.99200838804245,0.006965096574276686,0.0,0.014146155677735806,1.0,0.0,0.19354838,0.8026428818702698,0.5,0.43479469418525696,0.001594660454429686,2.5317926883872133e-06,0.0,0.0,0.2857143,0.0,0.8571429
496,UNet,1.0,0.71428573,0.0,0.028858259320259094,0.019595827907323837,0.2496064007282257,0.34562304615974426,0.0,0.0,0.14285715,1.0,1.0,0.9771082997322083,0.9666276574134827,0.5407842993736267,0.5129324793815613,0.519454300403595,0.45271241664886475,0.027823153883218765,0.013632610440254211,0.0,0.0,0.007911516353487968,0.0015740039525553584,0.0,0.0,0.0,0.0,0.0,0.004576875362545252,0.5,0.04414476081728935,0.0,0.0,0.0,0.0,0.0,0.0,0.0,0.0052953725680708885,0.008879819884896278,0.0,0.0,0.009839864447712898,0.051820505410432816,0.0,0.025914840400218964,0.0,0.0,0.0,0.0,0.5,0.0,0.0,0.03900133818387985,0.0,0.0,0.0,0.0,0.0,1.0,0.5873233675956726,1.0,1.0,1.0,0.013169794343411922,0.024839645251631737,0.0,1.0,0.0,0.06451613,0.4841272830963135,0.71428573,0.18120253086090088,0.0,0.02347050979733467,0.0,0.33333334,0.0,1.0,0.0,0.9942804574966431,1.0,1.0,0.7313873767852783,1.0,0.9528387784957886,0.9979913830757141,0.0,0.9844515919685364,0.0,0.0,0.045336853712797165,1.0,0.17064101994037628,0.0,0.0,0.0,0.33333334,0.0,1.0,0.0,1.0,0.9635031819343567,0.9798657894134521,0.6861283183097839,1.0,1.0,0.9312613010406494,0.009131002239882946,1.0,0.0,0.0,0.012416708283126354,0.0,0.2000012993812561,0.0,0.0,0.0,0.33333334,0.0,1.0,0.0,1.0,0.9525521993637085,1.0,0.687818706035614,1.0,0.9828717112541199,1.0,0.03205414488911629,1.0,0.0,0.0,0.007032027002424002,0.5,0.15962530672550201,0.0,0.0,0.0,0.33333334,0.0,1.0,0.0
723,UNet,0.12903225,0.0,0.0,0.14693933725357056,0.3448348045349121,0.029994728043675423,0.0,0.0,0.8,0.2857143,0.9962497353553772,1.0,0.9776923656463623,0.975332498550415,0.5111191868782043,0.5303815603256226,0.5053927898406982,0.5449188351631165,0.9954008460044861,0.27777960896492004,0.3600575029850006,0.6455875635147095,0.9938451647758484,0.6974703073501587,0.04812763258814812,0.0,1.0,0.0,0.032258064,0.03928652033209801,0.71428573,0.0,0.0,0.0,0.0,0.0,0.42857146,0.0,0.2857143,0.9357718825340271,0.5182390809059143,0.3591596484184265,0.5537431836128235,0.9576170444488525,0.6882728934288025,0.0016306075267493725,0.0,0.7208525538444519,0.0,0.3548387,0.02105860970914364,0.5,0.0041472427546978,0.02280399203300476,0.01697733998298645,0.0,0.0,0.42857146,0.0,0.42857146,0.9754979014396667,0.18087980151176453,0.28754064440727234,0.5109533071517944,1.0,0.9477837681770325,0.015635017305612564,0.0,0.9964737296104431,0.0,0.032258064,0.024885570630431175,0.5,0.0,0.0,0.0,0.0,0.0,0.42857146,0.0,0.2857143,0.8895875215530396,0.5049050450325012,0.3558160066604614,0.49650347232818604,1.0,0.9922724962234497,0.039830584079027176,0.0,0.8688905835151672,0.0,0.06451613,0.0027637998573482037,0.5,0.0,0.0,0.0,0.0,0.0,0.42857146,0.0,1.0,0.9329519867897034,0.19127950072288513,0.30693554878234863,0.5566731095314026,0.9585345387458801,0.9713808298110962,0.0,0.014240913093090057,0.9960674047470093,0.0,0.032258064,0.0,0.0,0.02784891054034233,0.0,0.0,0.0,0.0,0.42857146,0.0,0.0,0.9275034070014954,0.27330049872398376,0.27546271681785583,0.499372661113739,1.0,0.9704536199569702,0.039619848132133484,0.0,0.7536742687225342,0.0,0.032258064,0.03201667219400406,1.0,0.4041963517665863,0.03343777358531952,0.20342031121253967,0.0,0.0,0.42857146,0.0,1.0
2536,UNet,0.0,1.0,1.0,0.42030787467956543,0.5963222980499268,0.058530375361442566,0.06230941414833069,1.0,0.8,0.42857146,1.0,1.0,1.0,0.9746301770210266,0.5150421261787415,0.5042741298675537,0.5144672393798828,0.4800489544868469,0.699787974357605,0.40245652198791504,0.0,0.9862397313117981,0.9609012603759766,1.0,0.891765832901001,0.0,1.0,0.0,0.09677419,0.0,0.5,0.14298409223556519,0.005559769459068775,0.018575133755803108,0.0,0.33333334,0.0,0.0,0.0,0.5049742460250854,0.49656155705451965,0.0,0.6769582033157349,1.0,1.0,0.9015824794769287,0.002745605306699872,0.8457063436508179,0.0,0.06451613,0.0,0.5,0.1464027762413025,0.0,0.07351504266262054,0.0,0.33333334,0.0,0.0,0.0,0.974453866481781,0.20178554952144623,0.12346760928630829,0.6271579265594482,0.9914125204086304,0.8014979362487793,0.0,0.02806641347706318,0.9450578093528748,0.0,0.06451613,0.0,0.5,0.0,0.0,0.04091586545109749,0.0,0.33333334,0.0,0.0,0.0,1.0,0.9784156084060669,0.0,0.5272261500358582,0.9836951494216919,1.0,0.013046528212726116,0.0,0.8826394081115723,0.0,0.032258064,0.0,0.5,0.0,0.002984324237331748,0.14893198013305664,0.0,0.33333334,0.0,0.0,0.0,1.0,1.0,0.02004978060722351,0.5955108404159546,1.0,1.0,0.0,0.0,0.8178515434265137,0.0,0.032258064,0.0,0.5,0.04211464151740074,0.0,0.16486336290836334,0.0,0.33333334,0.0,0.0,0.0,1.0,1.0,0.04694154113531113,0.4638938903808594,0.9717663526535034,0.9865430593490601,0.013570018112659454,0.0,0.6049831509590149,0.0,0.22580644,0.0,0.5,1.0,0.0,0.057211026549339294,1.0,0.0,0.0,0.0,0.0
2539,UNet,0.6774193,1.0,1.0,0.31304195523262024,0.0,0.07813698053359985,0.0,0.0,0.8,0.42857146,0.8408836722373962,0.954820454120636,0.9656976461410522,0.5758048892021179,0.5262554883956909,0.5249300003051758,0.5166011452674866,0.5217459797859192,0.7967715263366699,0.8287292122840881,0.997387170791626,0.7079595327377319,0.977394163608551,0.9690321087837219,0.9222618341445923,0.0,0.9978795647621155,0.0,0.06451613,0.010028854012489319,0.5,0.3954732418060303,0.0,0.02700553648173809,1.0,1.0,0.0,0.0,0.0,0.840364396572113,0.4194525480270386,0.21273551881313324,0.7336248755455017,1.0,0.9565562009811401,0.8969505429267883,0.007861074060201645,0.6901811957359314,0.0,0.06451613,0.005695301573723555,0.5,0.22908234596252441,0.04008558392524719,0.03743850067257881,1.0,0.33333334,0.0,0.0,0.0,0.7297984957695007,0.7785806655883789,0.1398233324289322,0.682481586933136,0.9911866188049316,0.8668259978294373,0.9204218983650208,0.05991889536380768,0.9647015333175659,0.0,0.06451613,0.0,0.5,0.401002436876297,0.048333484679460526,0.0,1.0,1.0,0.0,0.0,0.0,0.8054510951042175,0.8223159909248352,0.9504472017288208,0.6787399649620056,0.9872918128967285,0.9843823313713074,0.9940750598907471,0.007249791640788317,0.9467511177062988,0.0,0.06451613,0.015462311916053295,0.5,0.3766128122806549,0.03823341801762581,0.0,1.0,1.0,0.0,0.0,0.0,0.8394875526428223,0.7839109301567078,1.0,0.7306150197982788,0.9494320750236511,1.0,0.9386677742004395,0.007058283314108849,0.9471869468688965,0.0,0.06451613,0.013389664702117443,0.5,0.0,0.0,0.021414604038000107,1.0,1.0,0.0,0.0,0.0,0.795128345489502,0.4058226943016052,0.2758583724498749,0.703952431678772,1.0,1.0,0.6379760503768921,0.014134088531136513,0.6809664368629456,0.0,0.19354838,0.0,0.5,0.21259628236293793,0.2516104280948639,0.0,0.0,0.33333334,0.0,0.0,0.0
2879,UNet,0.032258064,1.0,1.0,0.3917621076107025,0.4098128080368042,0.15955892205238342,0.659066915512085,0.0,0.8,0.14285715,0.9401804804801941,0.668181300163269,0.9538982510566711,0.5726593136787415,0.5224368572235107,0.5207852125167847,0.46021783351898193,0.5260258913040161,0.6070355176925659,0.3384917974472046,0.19190025329589844,0.4199818968772888,1.0,0.8773728013038635,0.8534167408943176,0.0,1.0,1.0,0.0,0.21699681878089905,0.0,0.05003662779927254,0.0,0.01761777512729168,0.0,0.0,0.2857143,0.0,0.14285715,1.0,0.19615058600902557,0.005321883596479893,0.45051655173301697,0.9902862310409546,0.9290391206741333,0.9388670921325684,0.0,0.7271037697792053,0.0,0.06451613,0.0,0.071428575,0.0,0.0,0.0548660047352314,0.0,0.0,0.14285715,0.0,0.0,0.5196724534034729,0.25639066100120544,0.2255653291940689,0.4728170931339264,0.9785837531089783,0.8897880911827087,0.8735592365264893,0.010480518452823162,1.0,1.0,0.0,0.3055346608161926,0.0,0.011631093919277191,0.0,0.024503275752067566,0.0,0.0,0.2857143,0.0,0.0,1.0,0.5021977424621582,0.0,0.26976579427719116,0.9856268763542175,0.9631180763244629,0.9237392544746399,0.0,0.8357417583465576,0.0,0.06451613,0.009422317147254944,0.35714287,0.5380821228027344,0.028561608865857124,0.0,0.0,0.0,0.14285715,0.0,0.14285715,0.9751988649368286,0.4411735236644745,0.0,0.25391885638237,0.972545325756073,0.9333608746528625,0.9121769666671753,0.0,0.6660455465316772,0.0,0.06451613,0.0,1.0,0.2840002179145813,0.0,0.2151067554950714,0.0,0.0,0.14285715,0.0,0.0,1.0,0.45799991488456726,0.019424540922045708,0.2824186086654663,1.0,0.908341646194458,0.8784254789352417,0.0,0.46857327222824097,0.0,0.32258064,0.0,1.0,0.1821884661912918,0.0,0.21175558865070343,0.0,0.0,0.14285715,0.0,0.0
3186,UNet,0.9032258,0.8571429,1.0,0.0,0.033840566873550415,0.0,0.0,0.0,0.8,0.42857146,0.820798397064209,1.0,0.9680736064910889,0.6290804743766785,0.47084516286849976,0.4714639186859131,0.5184844136238098,0.5067982077598572,1.0,0.2569958567619324,0.2608693242073059,0.6209055781364441,1.0,1.0,0.658474862575531,0.0,1.0,0.0,0.06451613,0.035631753504276276,0.5,0.3633202910423279,0.0,0.0029710447415709496,1.0,1.0,0.71428573,0.0,0.0,1.0,0.6397868394851685,0.4397309124469757,0.45349451899528503,0.973206102848053,0.9902425408363342,0.9910220503807068,0.0,0.960452675819397,0.0,0.0,0.05355505272746086,0.5,0.034081459045410156,0.0,0.02565057948231697,1.0,1.0,0.71428573,0.0,0.14285715,1.0,0.4072153568267822,0.3607219457626343,0.7362331748008728,1.0,1.0,0.9698197245597839,0.0,1.0,0.0,0.0,0.0,0.5,0.35554376244544983,0.05045449733734131,0.05186986178159714,1.0,1.0,0.0,0.0,0.0,1.0,0.8157373666763306,0.7475897669792175,0.7175336480140686,1.0,0.9570948481559753,0.941202700138092,0.0018115778220817447,0.9306174516677856,0.0,0.0,0.0,0.5,0.3915471136569977,0.05392683669924736,0.0268264003098011,1.0,0.0,0.8571429,0.0,0.0,1.0,0.4014025926589966,0.3245583772659302,0.7110846042633057,0.9675272107124329,0.9853674173355103,0.6846880316734314,0.0,1.0,0.0,0.0,0.011737939901649952,0.5,0.34033775329589844,0.0,0.02987104095518589,1.0,1.0,0.0,0.0,0.0,1.0,0.4247140884399414,0.3243993818759918,0.6918206810951233,0.9674890041351318,1.0,0.7184494137763977,0.038619931787252426,0.9016863703727722,0.0,0.0,0.0,0.5,0.35661280155181885,0.0,0.602476954460144,1.0,0.0,0.0,0.0,0.0
4428,UNet,0.6774193,1.0,1.0,0.3171694874763489,0.0,0.007586544379591942,0.0,0.0,0.8,0.5714286,0.9811580181121826,0.9689395427703857,0.9475362300872803,0.6133841276168823,0.5132461190223694,0.4708671271800995,0.49061277508735657,0.5481833219528198,0.9651376008987427,0.7041773796081543,0.9441446661949158,0.7180453538894653,1.0,0.8853607177734375,1.0,0.0,1.0,0.0,0.09677419,0.04684314504265785,0.5,0.36010557413101196,0.0,0.11882724612951279,1.0,1.0,0.0,1.0,0.0,0.9731696248054504,0.4144541323184967,0.5781785845756531,0.7722936272621155,0.9899218082427979,0.6228088140487671,0.5667243003845215,0.05261073261499405,0.7850800156593323,0.0,0.09677419,0.003931734710931778,0.5,0.4251052439212799,0.09536561369895935,0.48008355498313904,1.0,1.0,1.0,0.0,1.0,0.625247061252594,0.42300891876220703,0.7871250510215759,0.7024795413017273,1.0,1.0,1.0,0.00041955665801651776,1.0,0.0,0.032258064,0.012748977169394493,0.5,0.3358299732208252,0.01999717950820923,0.11195342242717743,1.0,1.0,0.0,0.0,0.0,0.9567310214042664,0.39218664169311523,0.800499439239502,0.6963668465614319,1.0,0.9597347378730774,0.9877916574478149,0.0,0.9986023902893066,0.0,0.06451613,0.008365928195416927,0.5,0.3637022078037262,0.021728480234742165,0.14330407977104187,1.0,1.0,0.0,0.0,0.0,0.599807620048523,0.33518123626708984,0.7976104021072388,0.7105430364608765,0.9968973994255066,0.9991605281829834,1.0,0.028429487720131874,0.9565658569335938,0.0,0.12903225,0.0,0.5,0.3611392676830292,0.008667499758303165,0.17876242101192474,1.0,1.0,0.0,0.0,0.0,0.9870598316192627,0.5007069706916809,0.4034252166748047,0.6921809315681458,0.983268141746521,0.35138434171676636,0.3142884373664856,0.0,0.7082481980323792,0.0,0.41935483,0.0,0.5,0.24685747921466827,0.014366266317665577,0.40847572684288025,1.0,0.33333334,0.0,0.0,0.0
4633,UNet,0.032258064,1.0,1.0,0.3147207498550415,0.578834593296051,0.07638472318649292,0.41128426790237427,0.0,0.8,0.42857146,0.8298187851905823,1.0,0.9528330564498901,0.5677505135536194,0.5071476101875305,0.4727626442909241,0.48249733448028564,0.5169609785079956,0.5520215034484863,0.4762839674949646,0.1306321620941162,0.5094722509384155,1.0,1.0,0.4045388400554657,0.0,0.919755756855011,0.0,0.12903225,0.0,0.5,0.9934757351875305,0.0,0.0,0.0,0.0,0.0,0.0,0.0,0.8039402961730957,0.05551440641283989,0.08312077075242996,0.24555692076683044,1.0,0.9294734597206116,0.2962777316570282,0.034959226846694946,0.7968968749046326,0.0,0.06451613,0.019389603286981583,0.071428575,0.017686406150460243,0.0,0.0,0.0,0.0,0.0,0.0,0.0,0.4726526737213135,0.1067870557308197,0.10735829174518585,0.5013388395309448,1.0,0.9653021693229675,0.008680774830281734,0.0,0.9393681883811951,0.0,0.06451613,0.0,0.0,0.011486572213470936,0.0,0.0,0.0,0.0,0.0,0.0,0.0,0.4377950429916382,0.6910938620567322,0.06613713502883911,0.3018689453601837,1.0,0.9753780961036682,0.43092358112335205,0.0,0.7799180746078491,0.0,0.06451613,0.058607228100299835,0.0,0.9938297867774963,0.0,0.0,0.0,0.0,0.0,0.0,0.0,0.6858007311820984,0.625724732875824,0.09333503991365433,0.2605622410774231,1.0,0.9303313493728638,0.0,0.0,0.6733606457710266,0.0,0.06451613,0.018504425883293152,0.5714286,0.0,0.0,0.03314037621021271,0.0,0.0,0.0,0.0,0.0,0.6138929128646851,0.6544647216796875,0.11432438343763351,0.3371330797672272,0.9540785551071167,0.9361774325370789,0.022067492827773094,0.011231593787670135,0.7260304689407349,0.0,0.4516129,0.0,0.5714286,0.009931204840540886,0.0,0.0,0.0,0.0,0.0,0.0,0.0
4678,UNet,1.0,0.0,1.0,0.45035865902900696,0.7716512084007263,0.06393209844827652,0.7970201969146729,0.0,0.8,0.0,0.9967079758644104,1.0,1.0,0.003635338507592678,0.5089729428291321,0.5297626256942749,0.5032715201377869,0.4629693925380707,0.987565815448761,1.0,0.6061508059501648,0.3233373165130615,0.020102377980947495,0.0,1.0,0.01136527769267559,0.9629555940628052,0.0,0.032258064,0.043269142508506775,0.5,0.3789166510105133,0.0,0.0,0.0,0.0,0.0,0.33333334,0.0,0.5754296183586121,1.0,0.45643049478530884,0.3030260503292084,0.018591059371829033,0.0101962611079216,1.0,0.012294854037463665,1.0,0.0,0.032258064,0.0,0.5,0.383005827665329,0.0,0.0010817977599799633,0.0,0.0,0.0,0.33333334,0.0,0.555417001247406,1.0,0.39926502108573914,0.31921425461769104,0.0,0.014554833061993122,0.984162449836731,0.0,1.0,0.0,0.0,0.9529638290405273,0.5,0.41810935735702515,0.02032204158604145,0.0,0.0,0.0,0.0,0.0,0.0,0.5342668294906616,1.0,0.27578479051589966,0.29026129841804504,0.0,0.0,1.0,0.0,1.0,0.0,0.032258064,0.02335333451628685,0.5,0.3878169357776642,0.003289432730525732,0.07335390150547028,0.0,0.0,0.0,0.0,0.0,0.8475695252418518,1.0,0.21661627292633057,0.3254661560058594,0.0035504375118762255,0.013341804966330528,0.995389461517334,0.04362150654196739,0.9863058924674988,0.0,0.0,0.9632599949836731,0.5,0.37460798025131226,0.0,0.0,0.0,0.0,0.0,0.0,0.0,0.4176907241344452,1.0,0.12899230420589447,0.30722442269325256,0.0,0.0,0.9522161483764648,0.0,1.0,0.0,0.032258064,0.13047939538955688,0.5,0.4782153069972992,0.0,0.043059006333351135,0.0,0.0,0.0,0.0,0.0
4922,UNet,0.2580645,0.8571429,1.0,0.28003957867622375,0.0,0.06348283588886261,0.0018574944697320461,1.0,0.0,0.14285715,1.0,0.9877499938011169,0.9580566883087158,0.9536912441253662,0.5246473550796509,0.49674901366233826,0.4871673285961151,0.5053051710128784,0.6804139614105225,0.8033909201622009,0.6772883534431458,0.5418387651443481,1.0,1.0,1.0,0.037258800119161606,0.9934989809989929,0.0,0.0,0.01842297613620758,0.92857146,0.01795041188597679,0.015589817427098751,0.0,0.0,0.0,0.0,0.0,0.0,0.5260716676712036,0.22195157408714294,0.06707101315259933,0.4027429521083832,0.9747016429901123,1.0,0.9413447976112366,0.0,0.871574878692627,0.0,0.0,0.003060939023271203,1.0,0.24479365348815918,0.03401041403412819,0.03966688737273216,0.0,0.0,0.0,1.0,0.14285715,0.6570260524749756,0.3743811845779419,0.24583251774311066,0.5051432847976685,0.977505624294281,0.972723126411438,0.9439697265625,0.0,1.0,0.0,0.0,0.0,0.5,0.0,0.0,0.0,0.0,0.0,0.0,0.0,0.0,0.5981687903404236,0.2521514296531677,0.20306722819805145,0.3889908492565155,0.9477443099021912,1.0,0.9506118297576904,0.0,0.8283969163894653,0.0,0.0,0.05156385153532028,0.071428575,0.0,0.0,0.0,0.0,0.0,0.0,1.0,0.14285715,0.7075068354606628,0.2934301495552063,0.1758086085319519,0.39251261949539185,0.9396623373031616,1.0,0.9651176929473877,0.02887972630560398,0.6647453904151917,0.0,0.0,0.0,1.0,0.02093450538814068,0.0033183936029672623,4.019540210720152e-05,0.0,0.0,0.0,1.0,0.14285715,0.7512596249580383,0.199200838804245,0.11908547580242157,0.2775188982486725,0.8981931805610657,0.9923617839813232,0.9042752385139465,0.0,0.9741747379302979,0.0,0.06451613,0.0737227201461792,0.071428575,0.054052259773015976,0.0,0.1608095020055771,0.0,0.0,0.0,0.0,0.2857143
5004,UNet,0.12903225,1.0,0.0,0.29885685443878174,0.5791200399398804,0.0,0.6569334864616394,0.0,0.8,0.14285715,0.9873534440994263,0.9418928027153015,0.9670397639274597,0.9943577647209167,0.5362392663955688,0.5175741910934448,0.46543532609939575,0.5306905508041382,0.2689226269721985,1.0,0.9996808171272278,0.4839613735675812,0.9905140399932861,1.0,1.0,0.0,1.0,0.0,0.0,0.030225323513150215,0.5,0.5074523687362671,0.022503653541207314,0.058013804256916046,0.0,0.0,1.0,0.6666667,0.0,0.8668954968452454,0.6803320050239563,0.4166480004787445,0.559699535369873,0.9682515859603882,0.7987077236175537,0.8743031620979309,0.012606801465153694,0.7747061252593994,0.0,0.0,0.0,0.5,0.4949256181716919,0.0,0.0,0.0,0.0,0.5714286,0.6666667,0.0,0.5330950021743774,1.0,1.0,0.49037766456604004,0.9944213032722473,0.9785934090614319,0.9204487800598145,0.0,0.9456814527511597,0.0,0.0,0.0,0.5,0.4792912006378174,0.0397486686706543,0.0,0.0,0.0,0.2857143,0.33333334,0.0,0.4629589021205902,0.43657147884368896,0.5588307976722717,0.47802308201789856,0.5813755393028259,1.0,0.740276575088501,0.016786210238933563,0.9058746695518494,0.0,0.032258064,0.0,0.5,0.45116493105888367,0.0,0.0025951662100851536,0.0,0.0,0.42857146,0.0,0.8571429,0.7269822955131531,0.21864822506904602,0.12200956046581268,0.5221661329269409,1.0,0.8445364236831665,0.8463903665542603,0.0,0.7676796317100525,1.0,0.06451613,0.34770670533180237,0.5,0.7485182285308838,0.0020395987667143345,0.0,0.0,0.0,1.0,0.33333334,0.42857146,0.8346580862998962,0.9948530793190002,0.9532185196876526,0.5037660002708435,1.0,0.9760926961898804,1.0,0.0,0.9710444211959839,1.0,0.9677419,1.0,0.5,0.554399847984314,0.05218943953514099,0.0,0.0,0.0,1.0,0.0,0.0
7594,UNet,0.7419355,1.0,1.0,0.45422208309173584,0.002922402461990714,0.02387334033846855,0.0,0.0,0.0,0.42857146,0.9884122014045715,0.9864340424537659,0.9648172855377197,1.0,0.5245574712753296,0.5228566527366638,0.5511589646339417,0.5485303401947021,0.9887516498565674,0.778868556022644,0.9812920093536377,0.6471656560897827,0.9820075035095215,0.9374911189079285,0.9806079268455505,0.0,1.0,0.0,0.032258064,0.0,0.5,0.3335159122943878,0.02387516014277935,0.14322805404663086,1.0,1.0,1.0,0.0,0.0,1.0,0.7278851270675659,0.18112097680568695,0.7065702676773071,1.0,0.964687168598175,0.9262223839759827,0.0,0.9361240863800049,0.0,0.06451613,0.007729212753474712,0.5,0.29809150099754333,0.0,0.0,1.0,0.33333334,1.0,0.0,0.0,0.9652760624885559,0.7387164831161499,0.8298874497413635,0.5839329361915588,1.0,1.0,0.9823659062385559,0.0,0.9701074361801147,0.0,0.032258064,0.0369870588183403,0.5,0.310599148273468,0.0,0.0,1.0,1.0,1.0,0.0,0.0,1.0,0.3433825671672821,0.4262596070766449,0.6533278226852417,1.0,0.9838107228279114,1.0,0.0,1.0,0.0,0.032258064,0.0,0.5,0.3771163523197174,0.0,0.0,1.0,1.0,1.0,0.0,0.0,1.0,0.3926599621772766,0.4229290187358856,0.5987980961799622,0.9962857365608215,1.0,0.9335592985153198,0.0,1.0,0.0,0.06451613,0.00810286309570074,0.5,0.40629813075065613,0.05578484386205673,0.014056582935154438,1.0,1.0,1.0,0.0,0.0,1.0,0.4045543670654297,0.27641385793685913,0.6225284934043884,1.0,1.0,0.9134914875030518,0.0,0.8571743369102478,0.0,0.06451613,0.009805303998291492,0.5,0.0,0.02747790887951851,0.0,0.33333334,0.33333334,1.0,0.0,0.2857143
7635,UNet,0.19354838,1.0,1.0,0.34594854712486267,0.3704031705856323,0.07235453277826309,0.030780814588069916,0.0,0.0,0.5714286,0.23920664191246033,0.6200463175773621,0.948309600353241,0.5908478498458862,0.4725377857685089,0.507533073425293,0.4937158226966858,0.5325393676757812,0.5237616896629333,0.22788000106811523,0.523963451385498,0.5870664119720459,0.9661903381347656,0.9893539547920227,1.0,0.02878771536052227,0.833345353603363,0.0,0.032258064,0.024873632937669754,0.0,0.012145652435719967,0.0,0.0,0.0,0.0,0.0,0.0,0.0,0.3139660358428955,0.49142926931381226,0.5709748864173889,0.2612619400024414,0.6603703498840332,0.7539530396461487,0.7725743651390076,0.6066388487815857,0.8233434557914734,0.0,0.032258064,0.0,0.5,0.0028254918288439512,0.037462733685970306,0.0,0.0,0.0,0.0,0.0,0.2857143,0.49494001269340515,0.1745453029870987,0.515196681022644,0.5089678168296814,0.9837232828140259,0.963361382484436,0.923661470413208,0.05586952716112137,1.0,0.0,0.032258064,0.0,1.0,0.017266394570469856,0.0,0.035475920885801315,0.0,0.0,0.0,0.0,0.42857146,0.717553436756134,0.5999388694763184,0.3993913233280182,0.1037924587726593,0.8895270824432373,0.714748203754425,0.6862194538116455,0.09064515680074692,1.0,0.0,0.032258064,0.0,0.71428573,0.06689195334911346,0.0,0.037828121334314346,0.0,0.0,0.0,0.0,0.14285715,0.4046732187271118,0.37847524881362915,0.4305141866207123,0.666228711605072,1.0,0.7079116702079773,0.5692411661148071,0.0,0.5470699071884155,0.0,0.032258064,0.04203558713197708,0.42857146,0.005439426749944687,0.0,0.024732811376452446,0.0,0.0,0.0,0.0,0.14285715,1.0,0.7469127774238586,0.5072129368782043,0.16358916461467743,0.972130298614502,0.9739542007446289,0.9509360790252686,0.0071084583178162575,0.6439615488052368,0.0,0.12903225,0.0070023685693740845,0.5714286,0.0,0.0,0.03362521901726723,0.0,0.0,0.0,0.0,0.0
9751,UNet,0.6774193,1.0,1.0,0.3234952390193939,0.34415072202682495,0.0,0.043161164969205856,0.0,0.8,0.14285715,0.9451742172241211,0.6854692101478577,1.0,0.6515541672706604,0.4958530366420746,0.4872533977031708,0.49528366327285767,0.5203469395637512,0.5625002980232239,0.48309168219566345,0.49856042861938477,0.511725664138794,1.0,0.972419261932373,1.0,0.010719582438468933,1.0,1.0,0.0,0.0,0.0,0.0,0.013791178353130817,0.02965659648180008,0.0,0.0,0.2857143,1.0,0.0,0.5466626882553101,0.24423620104789734,0.34303024411201477,0.452134907245636,0.9469713568687439,0.9931835532188416,1.0,0.0,0.8816825747489929,0.0,0.032258064,0.0,1.0,0.4597620368003845,0.06287996470928192,0.956285834312439,0.0,0.0,0.2857143,0.33333334,0.2857143,0.4933296740055084,0.32390260696411133,0.17511534690856934,0.5421524047851562,1.0,0.9896963238716125,1.0,0.0,1.0,1.0,0.0,0.1103249192237854,0.2857143,0.00985103938728571,0.005362228956073523,0.0,0.0,0.0,0.2857143,1.0,0.0,0.5043694376945496,0.2540508210659027,0.12946495413780212,0.5146445631980896,0.9668803215026855,0.9894819259643555,0.9654974341392517,0.021359311416745186,0.9443536400794983,1.0,0.0,0.13452616333961487,0.5,0.0,0.03975440189242363,0.009908698499202728,0.0,0.0,0.2857143,1.0,0.0,0.49869799613952637,0.28768858313560486,0.09840022772550583,0.5239589810371399,1.0,0.9837684035301208,1.0,0.016443850472569466,1.0,1.0,0.0,0.0915910080075264,0.71428573,0.0,0.006308738607913256,0.0,0.0,0.0,0.2857143,1.0,0.0,0.8171387910842896,0.2935747802257538,0.10358007252216339,0.48721256852149963,0.9175097346305847,0.9727742671966553,0.9640454649925232,0.0,0.8606494069099426,0.0,0.032258064,0.0460565984249115,0.21428573,0.0,0.0,0.048821449279785156,0.0,0.0,0.2857143,0.6666667,0.14285715
9967,UNet,0.6774193,0.8571429,1.0,0.572216808795929,0.15069574117660522,0.029444392770528793,0.0,1.0,0.0,0.0,1.0,0.9611161351203918,1.0,0.9392785429954529,0.4771420657634735,0.5505410432815552,0.49722301959991455,0.530247688293457,1.0,0.9968512654304504,1.0,0.9929002523422241,0.9465778470039368,0.975902795791626,1.0,0.011865273118019104,0.9529882669448853,0.0,0.032258064,0.0,0.71428573,0.0,0.0,0.0,0.0,0.0,0.0,0.33333334,0.0,0.9811488389968872,0.9781416654586792,1.0,1.0,0.9956256747245789,0.9882388114929199,1.0,0.0,0.6827670335769653,0.0,0.032258064,0.47684335708618164,0.42857146,0.0,0.0,0.004861786961555481,0.0,0.0,0.0,0.33333334,0.0,1.0,0.9523870348930359,1.0,0.9934019446372986,1.0,0.9996118545532227,0.9563920497894287,0.0,1.0,0.0,0.12903225,0.030863428488373756,0.35714287,0.0,0.0103717977181077,0.03568866103887558,0.0,0.0,0.0,0.6666667,0.0,0.9954092502593994,1.0,0.9789079427719116,0.9964190125465393,0.9513726234436035,0.9296696782112122,1.0,0.0,0.8954251408576965,0.0,0.16129032,0.0,0.6428572,0.0,0.0,0.0,0.0,0.0,0.0,0.33333334,0.0,1.0,1.0,1.0,1.0,1.0,0.9679721593856812,0.9983519315719604,0.03398069366812706,0.9369261860847473,0.0,0.09677419,0.0,0.2857143,0.0,0.0407436341047287,0.015242373570799828,0.0,0.0,0.0,0.33333334,0.0,1.0,0.9934694766998291,0.9884859919548035,1.0,0.9924287796020508,0.9987226128578186,1.0,0.0,0.45030689239501953,0.0,0.2580645,0.08742734044790268,0.35714287,0.0,0.009720375761389732,0.0,0.0,0.0,0.0,0.33333334,0.0
16524,UNet,0.06451613,0.0,1.0,0.3708570599555969,0.0013967242557555437,0.022855643182992935,0.03526519611477852,1.0,0.0,0.42857146,1.0,1.0,0.929671049118042,1.0,0.5163018703460693,0.5373852849006653,0.4684537351131439,0.48012691736221313,0.6306411623954773,0.2116098552942276,0.47313806414604187,0.3254644572734833,0.9470434188842773,1.0,1.0,0.0,0.9558665156364441,0.0,0.032258064,0.015091460198163986,0.5,0.0,0.019451821222901344,0.0,0.0,0.0,0.0,0.0,0.0,0.3349367082118988,0.450969934463501,0.48963114619255066,0.13605435192584991,0.47412484884262085,0.4898519217967987,0.543236494064331,0.016088908538222313,0.9884310960769653,0.0,0.032258064,0.0,0.7857143,0.0,0.01165422610938549,0.0,0.0,0.0,0.0,0.0,0.0,0.21447288990020752,0.45840364694595337,0.526153564453125,0.10840993374586105,0.49186915159225464,0.5589986443519592,0.5407916903495789,0.0,1.0,0.0,0.032258064,5.9980691730743274e-05,0.21428573,0.008458675816655159,0.0,0.0,0.0,0.0,0.0,0.0,0.0,0.27529042959213257,0.49900272488594055,0.47814664244651794,0.13459141552448273,0.9515484571456909,1.0,1.0,0.0,0.9410769939422607,0.0,0.06451613,0.0,0.5,0.0,0.0,0.036852624267339706,0.0,0.0,0.0,0.0,0.0,0.8394008874893188,0.47375139594078064,0.43839550018310547,0.1488524228334427,0.4907071590423584,0.5312417149543762,0.4890056550502777,0.0,0.8575314879417419,0.0,0.29032257,0.0,0.5,0.0,0.01230636052787304,0.0,0.0,0.0,0.0,0.0,0.0,0.25305619835853577,0.42261555790901184,0.49095699191093445,0.17828240990638733,0.9851979613304138,1.0,0.9302388429641724,0.007104783318936825,0.7944612503051758,1.0,0.0,0.45104286074638367,0.5,0.007794235832989216,0.03074765019118786,0.0,0.0,0.0,0.0,0.0,0.0
21205,UNet,0.16129032,0.0,0.0,0.33610618114471436,0.0,0.019229721277952194,0.0,1.0,0.0,0.42857146,0.5049735307693481,0.9734948873519897,0.9420855641365051,0.5902081727981567,0.5232387185096741,0.4648985266685486,0.5364694595336914,0.46311941742897034,0.9801189303398132,1.0,0.8014976382255554,0.22515012323856354,0.9717841148376465,0.9841218590736389,0.9920972585678101,0.001125696930103004,0.997273862361908,1.0,0.06451613,0.03947902470827103,0.5,0.0,0.0,0.0,1.0,1.0,0.0,0.0,0.0,1.0,0.8478389978408813,0.6609803438186646,0.30874037742614746,1.0,0.9883410334587097,1.0,0.015197494998574257,0.7889289259910583,1.0,0.06451613,0.43427783250808716,0.5,0.5222154259681702,0.0,0.009414570406079292,0.0,0.0,0.42857146,0.0,0.0,0.9852475523948669,1.0,0.9767646789550781,0.19355259835720062,0.9803088903427124,0.9830308556556702,1.0,0.018863888457417488,1.0,1.0,0.032258064,0.835706353187561,0.5,0.41352248191833496,0.0021125737112015486,0.0,1.0,0.0,0.0,0.0,0.0,0.9766718149185181,0.455844521522522,0.17030535638332367,0.20076638460159302,0.9956714510917664,0.9331954717636108,0.9545567631721497,0.0,1.0,1.0,0.06451613,0.03696346655488014,0.5,0.002160529373213649,0.0,0.05118275433778763,0.0,0.0,0.0,0.0,0.0,1.0,1.0,0.9595959186553955,0.2588450014591217,0.9663570523262024,1.0,1.0,0.0028631710447371006,0.9269087314605713,1.0,0.19354838,0.11191152036190033,0.5,0.020632833242416382,0.03638651221990585,0.033275093883275986,0.0,0.0,0.0,0.0,0.0,0.8916336297988892,0.5444005727767944,0.31329345703125,0.16237092018127441,0.868449866771698,0.8668012619018555,0.516230046749115,0.0,0.9498250484466553,1.0,0.4516129,0.6871508359909058,0.5,0.5511138439178467,0.0,0.0,1.0,0.0,0.0,0.0,0.0
76,Transformer,0.032258064,1.0,1.0,0.34263989329338074,0.34218207001686096,0.16562846302986145,0.708979070186615,0.0,0.8,0.14285715,0.9513421058654785,0.638349711894989,0.969136655330658,0.6060497164726257,0.5058438777923584,0.5242646932601929,0.4659937024116516,0.4655733108520508,0.5509310364723206,0.3331906497478485,0.20542354881763458,0.41499945521354675,1.0,0.947945773601532,0.8581646680831909,0.0,0.9578462243080139,1.0,0.0,0.2376067191362381,0.0,0.02443457394838333,0.012891167774796486,0.0,0.0,0.0,0.2857143,0.0,0.14285715,1.0,0.23943258821964264,0.03117632493376732,0.3966188132762909,0.9954708814620972,0.9947434663772583,0.9405422210693359,0.0,0.7456663250923157,0.0,0.06451613,0.01157323271036148,0.071428575,0.0017592579824849963,0.004391698632389307,0.0352298803627491,0.0,0.0,0.14285715,0.0,0.0,0.5649195909500122,0.31531915068626404,0.19027358293533325,0.46486571431159973,1.0,0.8993455171585083,0.8222790360450745,0.0,1.0,1.0,0.0,0.27056288719177246,0.0,0.0,0.013227563351392746,0.0,0.0,0.0,0.2857143,0.0,0.0,1.0,0.45865926146507263,0.013442286290228367,0.2923305630683899,0.9861613512039185,0.9360209703445435,0.8996628522872925,0.007867537438869476,0.8205457329750061,0.0,0.06451613,0.013112361542880535,0.35714287,0.5237627625465393,0.028250262141227722,1.0,0.0,0.0,0.14285715,0.0,0.14285715,1.0,0.4677906632423401,0.0,0.29639849066734314,0.9925844073295593,0.9441053867340088,0.896226704120636,0.0,0.6846461296081543,0.0,0.06451613,0.0,1.0,0.2312355488538742,0.0,0.2570205628871918,0.0,0.0,0.14285715,0.0,0.0,1.0,0.49315258860588074,0.0,0.29732510447502136,1.0,0.9302577972412109,0.8808169364929199,0.0,0.510384738445282,0.0,0.32258064,0.0,1.0,0.1656087040901184,0.0,0.2532811760902405,0.0,0.0,0.14285715,0.0,0.0
146,Transformer,0.9677419,0.71428573,0.0,0.3639242649078369,0.3176693916320801,0.0,0.0,0.0,0.8,0.2857143,0.9441667199134827,0.6651360988616943,0.9285755753517151,0.6151213645935059,0.4960505962371826,0.4835352897644043,0.49395856261253357,0.5264760851860046,0.9817557334899902,0.30042949318885803,0.2649070918560028,0.38082176446914673,1.0,0.8110274076461792,0.0,0.008709167130291462,0.9843913316726685,0.0,0.032258064,0.010196413844823837,0.5,0.011037175543606281,0.0,0.023806113749742508,0.0,0.0,0.42857146,0.0,0.42857146,0.9087443351745605,0.2907090187072754,0.27303194999694824,0.39769425988197327,0.9706763029098511,0.7862062454223633,0.02053811401128769,0.0,0.8912668228149414,0.0,0.032258064,0.0,0.5,0.0,0.0,0.0,0.0,0.0,0.42857146,0.0,0.42857146,0.9870215058326721,0.3176785707473755,0.21814177930355072,0.39596816897392273,0.9827362895011902,0.8339511752128601,0.0,0.03208458051085472,0.8882231116294861,0.0,0.032258064,0.0,0.071428575,0.0,0.0,0.0,0.0,0.0,0.42857146,0.0,0.42857146,0.9715935587882996,0.2784717082977295,0.20891767740249634,0.39644646644592285,0.9639428853988647,0.7930377721786499,0.0,0.0,1.0,0.0,0.032258064,0.0011282312916591763,0.5,0.0049074203707277775,0.0,0.0,0.0,0.0,0.42857146,0.0,0.0,0.9740030765533447,0.8077924251556396,0.2706862688064575,0.37998607754707336,0.9942726492881775,0.7963599562644958,0.003286413149908185,0.0,0.9945821166038513,0.0,0.032258064,0.0,0.5,0.0,0.00970187783241272,0.004767767619341612,0.0,0.0,0.42857146,0.0,1.0,0.9679247140884399,0.29442083835601807,0.2684558928012848,0.39932331442832947,0.9938660264015198,0.8101747632026672,0.033931732177734375,0.0,0.6719631552696228,0.0,0.16129032,0.0,0.5,0.004345463123172522,0.031501658260822296,0.009773370809853077,0.0,0.0,0.42857146,0.0,1.0
216,Transformer,0.87096775,0.8571429,0.0,0.35694751143455505,0.0,0.0006209440180100501,0.0,1.0,0.0,0.0,0.9842804670333862,0.9942024946212769,1.0,0.9846556782722473,0.4889243543148041,0.47784513235092163,0.5128645300865173,0.515956461429596,0.9844312071800232,0.5243533849716187,0.17347435653209686,0.6846082210540771,1.0,0.988068163394928,0.0,0.044283051043748856,0.990960955619812,1.0,0.0,0.0,0.5,0.008680196478962898,0.0050370884127914906,0.0,0.0,0.0,0.2857143,0.0,0.0,1.0,0.6849851608276367,0.1494983732700348,0.8823617100715637,1.0,0.8838001489639282,0.03554365783929825,1.0,0.8987860679626465,0.0,0.032258064,0.03180437535047531,0.42857146,0.3971249461174011,0.0,0.0676019936800003,0.0,0.0,0.2857143,0.0,0.42857146,0.9914350509643555,0.5145820379257202,0.172010600566864,0.6003623008728027,1.0,0.9885029792785645,0.0,0.0,1.0,1.0,0.12903225,0.16008323431015015,0.5,0.004108210559934378,0.0,0.026164932176470757,0.0,0.0,0.2857143,0.0,0.0,0.9901306629180908,0.7000586986541748,0.16377872228622437,0.5780329704284668,1.0,0.8998398780822754,0.019931098446249962,0.0,0.9149828553199768,0.0,0.032258064,0.01845279522240162,0.6428572,0.47784677147865295,0.03832889720797539,0.4291752278804779,0.0,0.0,0.0,0.0,0.42857146,0.9724169969558716,0.505366325378418,0.3364408612251282,0.9089484214782715,1.0,0.6038038730621338,0.015337346121668816,0.0,0.37671399116516113,0.0,0.54838705,0.19856277108192444,0.5,0.40126800537109375,0.597521185874939,0.0,0.0,0.0,0.0,0.0,0.71428573,0.9637957215309143,0.7960265874862671,0.9781420826911926,0.9710599184036255,1.0,0.005457250401377678,0.007593751419335604,0.0,0.9965425729751587,0.0,0.19354838,0.8172709941864014,0.5,0.42359524965286255,0.010613879188895226,0.0,0.0,0.0,0.2857143,0.0,0.8571429
496,Transformer,1.0,0.71428573,0.0,0.043661944568157196,0.0,0.21297001838684082,0.27759677171707153,0.0,0.0,0.14285715,1.0,0.9742773771286011,0.9993104934692383,1.0,0.4619298577308655,0.48674750328063965,0.513195276260376,0.5127911567687988,0.0,0.0031689610332250595,0.020448144525289536,0.015541459433734417,0.0,0.0,0.0,0.009356395341455936,0.003902079537510872,0.0,0.0,0.012588080018758774,0.5,0.0026374761946499348,0.016375279054045677,0.0018918506102636456,0.0,0.0,0.0,0.0,0.0,0.015693774446845055,0.01741645485162735,0.0,0.0,0.030869856476783752,0.005133174825459719,0.0,0.0,0.01543748565018177,0.0,0.0,0.0,0.5,0.0,0.028017636388540268,0.0,0.0,0.0,0.0,0.0,0.0,0.984036922454834,0.5395817756652832,1.0,0.9998258352279663,1.0,0.003971572499722242,0.009787678718566895,0.0,1.0,0.0,0.06451613,0.5072006583213806,0.71428573,0.1558169722557068,0.015450796112418175,0.01110291387885809,0.0,0.33333334,0.0,1.0,0.0,1.0,0.983817458152771,1.0,0.6762076616287231,1.0,1.0,0.9895245432853699,0.008445780724287033,1.0,0.0,0.0,0.0019600382074713707,1.0,0.19827190041542053,0.0,0.006481784395873547,0.0,0.33333334,0.0,1.0,0.0,0.9840238690376282,0.9929695129394531,1.0,0.6936941146850586,1.0,1.0,0.9981006979942322,0.0,1.0,0.0,0.0,0.007884752936661243,0.0,0.13712537288665771,0.0,0.0,0.0,0.33333334,0.0,1.0,0.0,1.0,0.9927124381065369,1.0,0.675497829914093,1.0,0.983065128326416,0.978488564491272,0.004485946148633957,1.0,0.0,0.0,0.0066506462171673775,0.5,0.13532593846321106,0.013549696654081345,0.0,0.0,0.33333334,0.0,1.0,0.0
723,Transformer,0.12903225,0.0,0.0,0.1410842388868332,0.3144538998603821,0.02602316625416279,0.012668430805206299,0.0,0.8,0.2857143,1.0,1.0,1.0,0.9658154845237732,0.49028247594833374,0.49272650480270386,0.48803362250328064,0.48349833488464355,0.9637039303779602,0.22819292545318604,0.35013484954833984,0.5767919421195984,1.0,0.7677305340766907,0.012060137465596199,0.0,1.0,0.0,0.032258064,0.004688622429966927,0.71428573,0.0,0.0,0.0,0.0,0.0,0.42857146,0.0,0.2857143,0.9599426984786987,0.50261390209198,0.3340654969215393,0.5856735110282898,1.0,0.7720979452133179,0.0,0.0,0.7078071236610413,0.0,0.3548387,0.0034601427614688873,0.5,0.0,0.0,0.01038244180381298,0.0,0.0,0.42857146,0.0,0.42857146,0.9552929997444153,0.18575219810009003,0.28213828802108765,0.5015128254890442,1.0,0.9716917872428894,0.02161712385714054,0.0,0.9908768534660339,0.0,0.032258064,0.008753113448619843,0.5,0.012216898612678051,0.0,0.015807868912816048,0.0,0.0,0.42857146,0.0,0.2857143,0.9791876673698425,0.5510867238044739,0.368899405002594,0.48772168159484863,1.0,0.9598215222358704,0.0,0.0,0.798571765422821,0.0,0.06451613,0.0018535889685153961,0.5,0.0,0.0017198695568367839,0.0,0.0,0.0,0.42857146,0.0,1.0,0.9376028180122375,0.2067059725522995,0.28584644198417664,0.5166356563568115,1.0,0.965141773223877,0.00970163568854332,0.0,0.9742618799209595,0.0,0.032258064,0.03165658935904503,0.0,0.0,0.0,0.0,0.0,0.0,0.42857146,0.0,0.0,0.9577921032905579,0.2748788595199585,0.25652652978897095,0.5296375155448914,0.9838801026344299,0.9317225217819214,0.0188518725335598,0.00984593853354454,0.7855696678161621,0.0,0.032258064,0.0,1.0,0.39924854040145874,0.0,0.21523244678974152,0.0,0.0,0.42857146,0.0,1.0
2536,Transformer,0.0,1.0,1.0,0.40351036190986633,0.5841686129570007,0.013502893038094044,0.0,1.0,0.8,0.42857146,1.0,0.9763509631156921,1.0,1.0,0.5267417430877686,0.5160685181617737,0.45750418305397034,0.4893544316291809,0.7502391338348389,0.4607464075088501,0.009552214294672012,1.0,0.9818660616874695,0.9957144856452942,0.8216592669487,0.0,1.0,0.0,0.09677419,0.0,0.5,0.1641405075788498,0.01816786639392376,0.002537339460104704,0.0,0.33333334,0.0,0.0,0.0,0.4538763761520386,0.4390842318534851,0.037723783403635025,0.6658372282981873,0.9300141334533691,1.0,0.8588531017303467,0.022098809480667114,0.8338221907615662,0.0,0.06451613,0.009171182289719582,0.5,0.158775195479393,0.01394976582378149,0.10615460574626923,0.0,0.33333334,0.0,0.0,0.0,1.0,0.15021121501922607,0.09984222799539566,0.6389915943145752,1.0,0.7793468832969666,0.02329888939857483,0.018554847687482834,1.0,0.0,0.06451613,0.0,0.5,0.0,0.0,0.0,0.0,0.33333334,0.0,0.0,0.0,0.9821996092796326,0.9447464942932129,0.0,0.6235491633415222,0.9901355504989624,1.0,0.00026751626865006983,0.02582058124244213,0.8739153742790222,0.0,0.032258064,0.016528146341443062,0.5,0.00558483088389039,0.02737569250166416,0.15263380110263824,0.0,0.33333334,0.0,0.0,0.0,0.9998213648796082,1.0,0.0,0.6242616772651672,1.0,0.9945920705795288,0.008389297872781754,0.025155579671263695,0.8005831241607666,0.0,0.032258064,0.0002343283558730036,0.5,0.0,0.010334056802093983,0.07682251185178757,0.0,0.33333334,0.0,0.0,0.0,1.0,1.0,0.019993480294942856,0.4567047655582428,0.9689498543739319,1.0,0.0,0.0,0.5875522494316101,0.0,0.22580644,0.0553487166762352,0.5,1.0,0.020989971235394478,0.09768673777580261,1.0,0.0,0.0,0.0,0.0
2539,Transformer,0.6774193,1.0,1.0,0.39322522282600403,0.0,0.029611773788928986,0.0,0.0,0.8,0.42857146,0.8647196888923645,0.9401999711990356,0.9560686349868774,0.5922256112098694,0.5350905656814575,0.5200391411781311,0.5180808305740356,0.5174820423126221,0.7871339917182922,0.7716281414031982,0.9762963056564331,0.6734431982040405,1.0,1.0,0.9837812781333923,0.03142671659588814,1.0,0.0,0.06451613,0.0,0.5,0.38689368963241577,0.009606685489416122,0.050638094544410706,1.0,1.0,0.0,0.0,0.0,0.8477839827537537,0.44662994146347046,0.224567249417305,0.699508011341095,1.0,0.977986752986908,0.8942212462425232,0.0,0.7490302920341492,0.0,0.06451613,0.0,0.5,0.22394201159477234,0.01008889265358448,0.0,1.0,0.33333334,0.0,0.0,0.0,0.7382266521453857,0.7659429311752319,0.20664691925048828,0.7329788208007812,0.9693427085876465,0.8886497020721436,0.9126707315444946,0.0,0.96782386302948,0.0,0.06451613,0.013371107168495655,0.5,0.41640087962150574,0.0,0.0,1.0,1.0,0.0,0.0,0.0,0.8120993971824646,0.7344792485237122,1.0,0.6994227766990662,0.976803183555603,0.9911618232727051,0.9660310745239258,0.0,1.0,0.0,0.06451613,0.0,0.5,0.41354280710220337,0.005623463541269302,0.0,1.0,1.0,0.0,0.0,0.0,0.8412672281265259,0.7347270846366882,1.0,0.7100802659988403,0.9525560736656189,0.9892857074737549,0.9516763091087341,0.031513553112745285,0.9558433890342712,0.0,0.06451613,0.0,0.5,0.022199392318725586,0.02713526226580143,0.0,1.0,1.0,0.0,0.0,0.0,0.7752372622489929,0.43656671047210693,0.18578100204467773,0.6799481511116028,0.9943853616714478,1.0,0.6478514075279236,0.002018735744059086,0.7196457982063293,0.0,0.19354838,0.042137693613767624,0.5,0.16018003225326538,0.2824912667274475,0.036441102623939514,0.0,0.33333334,0.0,0.0,0.0
2879,Transformer,0.032258064,1.0,1.0,0.3129900097846985,0.35388460755348206,0.1513506919145584,0.7192214727401733,0.0,0.8,0.14285715,0.9446426630020142,0.6576077938079834,0.9399339556694031,0.611589252948761,0.5249608159065247,0.5024552941322327,0.5064522624015808,0.5164734721183777,0.5260226130485535,0.3481268286705017,0.21840687096118927,0.476314514875412,0.9924778938293457,0.9201313257217407,0.8638643026351929,0.016382083296775818,0.9892982840538025,1.0,0.0,0.21415874361991882,0.0,0.010822616517543793,0.0,0.0,0.0,0.0,0.2857143,0.0,0.14285715,1.0,0.2421407699584961,0.0,0.37729331851005554,0.961668074131012,0.954609751701355,0.9131306409835815,0.0,0.7135964035987854,0.0,0.06451613,0.0,0.071428575,0.0,0.0,0.0668540894985199,0.0,0.0,0.14285715,0.0,0.0,0.5485929846763611,0.33365556597709656,0.19279947876930237,0.45598137378692627,1.0,0.9409763813018799,0.8303326368331909,0.0007296151015907526,0.9593676328659058,1.0,0.0,0.2971632778644562,0.0,0.015242984518408775,0.0,0.03633053973317146,0.0,0.0,0.2857143,0.0,0.0,0.9823752045631409,0.4689948260784149,0.0,0.2808220386505127,0.997713565826416,0.9415360689163208,0.895747184753418,0.027554724365472794,0.8484399914741516,0.0,0.06451613,0.016306322067975998,0.35714287,0.5314196348190308,0.015319108963012695,0.0,0.0,0.0,0.14285715,0.0,0.14285715,1.0,0.5088587999343872,0.0,0.23897713422775269,0.9890385270118713,0.9640315175056458,0.8898495435714722,0.004978272132575512,0.7171433568000793,0.0,0.06451613,0.009689068421721458,1.0,0.27687951922416687,0.018388474360108376,0.27285799384117126,0.0,0.0,0.14285715,0.0,0.0,1.0,0.48275119066238403,0.0,0.27079877257347107,1.0,0.9437180757522583,0.8948855996131897,0.0024748002178967,0.49331969022750854,0.0,0.32258064,0.0002196578570874408,1.0,0.19033586978912354,0.011104801669716835,0.2081945240497589,0.0,0.0,0.14285715,0.0,0.0
3186,Transformer,0.9032258,0.8571429,1.0,0.0,0.035645876079797745,0.0,0.0,0.0,0.8,0.42857146,0.8863459825515747,0.9732438325881958,0.9581957459449768,0.5986326336860657,0.526697039604187,0.4942103326320648,0.52801513671875,0.5158939361572266,1.0,0.26553627848625183,0.2490256428718567,0.6370748281478882,0.9826931357383728,0.9574604630470276,0.719359815120697,0.012624766677618027,1.0,0.0,0.06451613,0.008154567331075668,0.5,0.3875281810760498,0.015749653801321983,0.0,1.0,1.0,0.71428573,0.0,0.0,0.990257740020752,0.5796211957931519,0.4646547734737396,0.4299464821815491,1.0,0.9563167691230774,0.9978353381156921,0.0,0.8572894334793091,0.0,0.0,0.007780751679092646,0.5,0.0,0.0,0.016791362315416336,1.0,1.0,0.71428573,0.0,0.14285715,1.0,0.4237414598464966,0.3304111361503601,0.71809321641922,1.0,1.0,0.9822673797607422,0.0,1.0,0.0,0.0,0.008790322579443455,0.5,0.3577466607093811,0.009387212805449963,0.04545983672142029,1.0,1.0,0.0,0.0,0.0,1.0,0.8375492095947266,0.7107293009757996,0.7157076597213745,1.0,0.9735824465751648,0.9100174903869629,0.025326091796159744,0.9971438646316528,0.0,0.0,0.0,0.5,0.41329896450042725,0.0,0.006796171423047781,1.0,0.0,0.8571429,0.0,0.0,1.0,0.41382598876953125,0.32488635182380676,0.7453752756118774,1.0,1.0,0.6904057264328003,0.043173179030418396,1.0,0.0,0.0,0.014259948395192623,0.5,0.361775279045105,0.0,0.02475767396390438,1.0,1.0,0.0,0.0,0.0,1.0,0.35566338896751404,0.3439978063106537,0.7062963843345642,1.0,0.9881422519683838,0.7111651301383972,0.02357909083366394,0.8507370948791504,0.0,0.0,0.0,0.5,0.3900090157985687,0.01654345542192459,0.5693424940109253,1.0,0.0,0.0,0.0,0.0
4428,Transformer,0.6774193,1.0,1.0,0.28987130522727966,0.016474418342113495,0.0,0.0,0.0,0.8,0.5714286,0.9628638029098511,0.9460163712501526,0.9594446420669556,0.624668538570404,0.48962539434432983,0.5381975173950195,0.4913588762283325,0.4913881719112396,1.0,0.7719061970710754,0.9889594912528992,0.7140693664550781,1.0,0.9182130694389343,0.9533611536026001,0.0,1.0,0.0,0.09677419,0.0,0.5,0.39282527565956116,0.00010645720612956211,0.16421818733215332,1.0,1.0,0.0,1.0,0.0,1.0,0.4176577925682068,0.5310749411582947,0.7304579019546509,0.9882962107658386,0.5774298310279846,0.5638988614082336,0.0,0.7687422633171082,0.0,0.09677419,0.02894117310643196,0.5,0.41101256012916565,0.03280708193778992,0.4442722797393799,1.0,1.0,1.0,0.0,1.0,0.652289092540741,0.4417925179004669,0.7768322825431824,0.6792157292366028,1.0,0.9834638237953186,0.9995858669281006,0.0,1.0,0.0,0.032258064,0.0,0.5,0.3903401792049408,0.008996306918561459,0.12124782800674438,1.0,1.0,0.0,0.0,0.0,0.9859983325004578,0.38699132204055786,0.7694036960601807,0.7087208032608032,1.0,0.9920090436935425,0.9945724606513977,0.0,0.986885130405426,0.0,0.06451613,0.013821251690387726,0.5,0.4226585626602173,0.0,0.1511179655790329,1.0,1.0,0.0,0.0,0.0,0.6517736911773682,0.4012487232685089,0.8292955756187439,0.7273452281951904,0.9645317196846008,1.0,1.0,0.0,1.0,0.0,0.12903225,0.0,0.5,0.364228218793869,0.0028233802877366543,0.10628446936607361,1.0,1.0,0.0,0.0,0.0,0.9952045679092407,0.6014948487281799,0.41634973883628845,0.6915820837020874,0.9793593287467957,0.3623695969581604,0.3058166801929474,0.02798272855579853,0.6958549618721008,0.0,0.41935483,0.009905459359288216,0.5,0.2756396234035492,0.007864595390856266,0.4373053312301636,1.0,0.33333334,0.0,0.0,0.0
4633,Transformer,0.032258064,1.0,1.0,0.3201742172241211,0.5535171031951904,0.0975155383348465,0.3873588442802429,0.0,0.8,0.42857146,0.852702260017395,0.9560717344284058,0.9676021933555603,0.5488306283950806,0.5110951662063599,0.502782940864563,0.5040374398231506,0.5191806554794312,0.5338586568832397,0.47214487195014954,0.09818194806575775,0.47609812021255493,0.9921976327896118,0.9931373596191406,0.3844233751296997,0.0,0.9328069686889648,0.0,0.12903225,0.02579859457910061,0.5,0.9552067518234253,0.003592933528125286,0.0,0.0,0.0,0.0,0.0,0.0,0.7400608062744141,0.04250984638929367,0.06731598824262619,0.28935012221336365,0.9747114181518555,0.905900776386261,0.25678932666778564,0.03454836457967758,0.7382282614707947,0.0,0.06451613,0.009588218294084072,0.071428575,0.0,0.0,0.0,0.0,0.0,0.0,0.0,0.0,0.49360886216163635,0.10864941775798798,0.08395124971866608,0.487698495388031,0.9833695292472839,0.8937656283378601,0.020390218123793602,0.02320185676217079,0.9502140283584595,0.0,0.06451613,0.0007036952301859856,0.0,0.0,0.014995311386883259,0.007829920388758183,0.0,0.0,0.0,0.0,0.0,0.41636922955513,0.6443865895271301,0.10328750312328339,0.34481218457221985,0.9659472107887268,1.0,0.3702668249607086,0.015002964995801449,0.7851164937019348,0.0,0.06451613,0.0,0.0,0.9575597643852234,0.0,0.0177825465798378,0.0,0.0,0.0,0.0,0.0,0.6760289669036865,0.652786135673523,0.06458299607038498,0.3178809583187103,1.0,0.9446908831596375,0.019354507327079773,0.01153416745364666,0.6617804169654846,0.0,0.06451613,0.0,0.5714286,0.0,0.05269481614232063,0.011118240654468536,0.0,0.0,0.0,0.0,0.0,0.6169869899749756,0.7062799334526062,0.0807926207780838,0.3533221185207367,0.9867786169052124,0.9393146634101868,0.02131955325603485,0.007695370819419622,0.7089604139328003,0.0,0.4516129,0.0002160416916012764,0.5714286,0.0,0.0,0.0,0.0,0.0,0.0,0.0,0.0
4678,Transformer,1.0,0.0,1.0,0.45383378863334656,0.7251022458076477,0.0,0.7472500205039978,0.0,0.8,0.0,1.0,1.0,1.0,0.0,0.5165172815322876,0.4921787679195404,0.49985772371292114,0.5042440891265869,1.0,0.980361819267273,0.5889504551887512,0.31530505418777466,0.0345226489007473,0.0,1.0,0.0,0.9873133897781372,0.0,0.032258064,0.0,0.5,0.3855288326740265,0.0,0.000144141202326864,0.0,0.0,0.0,0.33333334,0.0,0.5953558683395386,0.9707508683204651,0.48024341464042664,0.3281884491443634,0.016863485798239708,0.0,1.0,0.013519576750695705,0.979375958442688,0.0,0.032258064,0.020385464653372765,0.5,0.3916136622428894,0.036843013018369675,0.038489919155836105,0.0,0.0,0.0,0.33333334,0.0,0.5222688913345337,1.0,0.34533146023750305,0.3327444791793823,0.019409960135817528,0.0,1.0,0.0,1.0,0.0,0.0,0.9743104577064514,0.5,0.4178657829761505,0.0015079908771440387,0.0,0.0,0.0,0.0,0.0,0.0,0.5269712805747986,1.0,0.28736329078674316,0.2998392581939697,0.0,0.0,0.987583577632904,0.01572398468852043,1.0,0.0,0.032258064,0.05750339478254318,0.5,0.42255735397338867,0.027369387447834015,0.004867978394031525,0.0,0.0,0.0,0.0,0.0,0.8724511861801147,1.0,0.21090064942836761,0.31565430760383606,0.0,0.0,0.9706271886825562,0.012657366693019867,0.9843319654464722,0.0,0.0,0.9904835820198059,0.5,0.3722175061702728,0.0,0.010202773846685886,0.0,0.0,0.0,0.0,0.0,0.4346262812614441,1.0,0.142757847905159,0.27626004815101624,0.0,0.0,0.9620990753173828,0.002339604776352644,0.9551434516906738,0.0,0.032258064,0.06446507573127747,0.5,0.38319510221481323,0.0,0.007928170263767242,0.0,0.0,0.0,0.0,0.0
4922,Transformer,0.2580645,0.8571429,1.0,0.2788386046886444,0.017875974997878075,0.06555267423391342,0.022816255688667297,1.0,0.0,0.14285715,0.9999616146087646,1.0,1.0,1.0,0.4971061050891876,0.4984011650085449,0.4886988401412964,0.5134823322296143,0.6546857357025146,0.7847165465354919,0.683725118637085,0.4808420240879059,1.0,1.0,0.9827439785003662,0.016170954331755638,0.9483870267868042,0.0,0.0,0.0,0.92857146,0.02042444609105587,0.0,0.0,0.0,0.0,0.0,0.0,0.0,0.5058736205101013,0.28547778725624084,0.09130974113941193,0.3396536409854889,0.9603725671768188,0.990300178527832,0.9872534871101379,0.0,0.8340873122215271,0.0,0.0,0.007147299591451883,1.0,0.28131595253944397,0.03151840716600418,0.08712408691644669,0.0,0.0,0.0,1.0,0.14285715,0.6260697841644287,0.4222830533981323,0.21788311004638672,0.5095357894897461,0.9745409488677979,0.9669089317321777,0.9359700679779053,0.017971105873584747,0.9756103754043579,0.0,0.0,0.005536394659429789,0.5,0.0,0.0,0.0,0.0,0.0,0.0,0.0,0.0,0.6234545111656189,0.29629069566726685,0.18274371325969696,0.37883460521698,0.854300320148468,0.9646607637405396,0.977927565574646,0.0,0.8132685422897339,0.0,0.0,0.032853204756975174,0.071428575,0.025303198024630547,0.0004889744450338185,0.0,0.0,0.0,0.0,1.0,0.14285715,0.7044289708137512,0.27727025747299194,0.19361694157123566,0.4124893546104431,0.923611581325531,1.0,0.9362024664878845,0.0150972381234169,0.6506746411323547,0.0,0.0,0.0,1.0,0.0,0.0,0.010624464601278305,0.0,0.0,0.0,1.0,0.14285715,0.7093470096588135,0.27641433477401733,0.20063486695289612,0.28774920105934143,0.9085423350334167,1.0,0.9347695708274841,0.0005665348726324737,0.9680010080337524,0.0,0.06451613,0.0281981248408556,0.071428575,0.0,0.04062800481915474,0.1710675209760666,0.0,0.0,0.0,0.0,0.2857143
5004,Transformer,0.12903225,1.0,0.0,0.35389405488967896,0.635297954082489,0.0,0.675188422203064,0.0,0.8,0.14285715,0.992281436920166,0.9962589740753174,0.9742138385772705,0.987398087978363,0.5130510330200195,0.5510432720184326,0.5032553672790527,0.5359546542167664,0.2890165448188782,1.0,0.9735727310180664,0.516311526298523,1.0,1.0,1.0,0.02767440676689148,1.0,0.0,0.0,0.032548025250434875,0.5,0.5139711499214172,0.04780445247888565,0.0,0.0,0.0,1.0,0.6666667,0.0,0.7927517294883728,0.6929709911346436,0.49106448888778687,0.5315409302711487,0.9933176040649414,0.8633643984794617,0.9026428461074829,0.03932254761457443,0.746821403503418,0.0,0.0,0.0,0.5,0.505901575088501,0.0,0.02120654471218586,0.0,0.0,0.5714286,0.6666667,0.0,0.45923808217048645,1.0,1.0,0.4979851245880127,0.9915769696235657,1.0,1.0,0.0,0.9873807430267334,0.0,0.0,0.021143784746527672,0.5,0.5227247476577759,0.0,0.0,0.0,0.0,0.2857143,0.33333334,0.0,0.4542666971683502,0.4322805404663086,0.5201100707054138,0.5016418099403381,0.5659217238426208,1.0,0.7304106950759888,0.0,0.89434814453125,0.0,0.032258064,0.0,0.5,0.49628517031669617,0.0,0.007142573595046997,0.0,0.0,0.42857146,0.0,0.8571429,0.7390037178993225,0.25216037034988403,0.12399423122406006,0.5031323432922363,0.9833029508590698,0.7965400218963623,0.8332750797271729,0.0,0.6993759274482727,1.0,0.06451613,0.3537910580635071,0.5,0.721189022064209,0.0,0.009706065990030766,0.0,0.0,1.0,0.33333334,0.42857146,0.899345874786377,1.0,1.0,0.49466419219970703,0.9813151955604553,0.9819293022155762,0.9984845519065857,0.0,0.9671324491500854,1.0,0.9677419,0.9911661744117737,0.5,0.5460657477378845,0.0,0.0,0.0,0.0,1.0,0.0,0.0
7594,Transformer,0.7419355,1.0,1.0,0.4478110074996948,0.003984760958701372,0.04943618178367615,0.003410163801163435,0.0,0.0,0.42857146,0.9840976595878601,0.9899816513061523,0.9950287938117981,0.9986040592193604,0.5465842485427856,0.48814359307289124,0.5222309231758118,0.5092050433158875,0.968578040599823,0.7830910086631775,1.0,0.6293214559555054,0.9998213052749634,0.8543819189071655,0.944520890712738,0.020960591733455658,0.990671694278717,0.0,0.032258064,0.0,0.5,0.39852818846702576,0.0,0.13199757039546967,1.0,1.0,1.0,0.0,0.0,1.0,0.744442343711853,0.16371068358421326,0.6495466232299805,1.0,0.9843592047691345,0.9260927438735962,0.018747540190815926,0.9843171834945679,0.0,0.06451613,0.03652418777346611,0.5,0.2500515878200531,0.026569576933979988,0.0,1.0,0.33333334,1.0,0.0,0.0,1.0,0.7795034050941467,0.8079626560211182,0.6360202431678772,1.0,1.0,0.9884846806526184,0.0008931655902415514,1.0,0.0,0.032258064,0.002635968616232276,0.5,0.3680689036846161,0.0,0.004702399019151926,1.0,1.0,1.0,0.0,0.0,1.0,0.3959556221961975,0.4297315776348114,0.6421098113059998,1.0,0.9765639901161194,0.9868343472480774,0.0,0.9750251770019531,0.0,0.032258064,0.0066709802486002445,0.5,0.39764925837516785,0.01375305000692606,0.010922236368060112,1.0,1.0,1.0,0.0,0.0,1.0,0.37476831674575806,0.41328734159469604,0.6547228097915649,0.985477089881897,0.9972931146621704,1.0,0.0,1.0,0.0,0.06451613,0.0,0.5,0.3834088444709778,0.0,0.025315498933196068,1.0,1.0,1.0,0.0,0.0,1.0,0.3339806795120239,0.3222719132900238,0.6426801085472107,1.0,0.9853484034538269,0.9343968629837036,0.0,0.795325517654419,0.0,0.06451613,0.01671229861676693,0.5,0.0,0.03553439676761627,0.004782985895872116,0.33333334,0.33333334,1.0,0.0,0.2857143
7635,Transformer,0.19354838,1.0,1.0,0.35894471406936646,0.3353550434112549,0.11948098242282867,0.017521455883979797,0.0,0.0,0.5714286,0.16965319216251373,0.5905314683914185,1.0,0.6007914543151855,0.4557082951068878,0.5011875629425049,0.5040186643600464,0.5159833431243896,0.5868539214134216,0.21555230021476746,0.5224568247795105,0.5825667977333069,0.9824787974357605,0.9371021389961243,0.9614438414573669,0.0,0.9000721573829651,0.0,0.032258064,0.013772234320640564,0.0,0.0195333082228899,0.0007862613420002162,0.015536153689026833,0.0,0.0,0.0,0.0,0.0,0.26780423521995544,0.4920087456703186,0.5691994428634644,0.2650671899318695,0.6237624883651733,0.6974309086799622,0.8286252021789551,0.6019209027290344,0.8395813703536987,0.0,0.032258064,0.013801828026771545,0.5,0.0,0.0,0.0,0.0,0.0,0.0,0.0,0.2857143,0.47770190238952637,0.1747789829969406,0.5069130063056946,0.44820931553840637,1.0,0.9258831143379211,0.9774819612503052,0.021171055734157562,0.9739643931388855,0.0,0.032258064,0.0,1.0,0.020495135337114334,0.0,0.0,0.0,0.0,0.0,0.0,0.42857146,0.7505428791046143,0.5999369621276855,0.4362308979034424,0.12979130446910858,0.8618300557136536,0.7166647911071777,0.6730759739875793,0.11132664978504181,0.9890331029891968,0.0,0.032258064,0.0008241213508881629,0.71428573,0.0,0.014082962647080421,0.0,0.0,0.0,0.0,0.0,0.14285715,0.3839755356311798,0.4133665859699249,0.3372974991798401,0.6605292558670044,1.0,0.7271077036857605,0.6042976975440979,0.0017074276693165302,0.5021238923072815,0.0,0.032258064,0.0,0.42857146,0.005101640708744526,0.0,0.0,0.0,0.0,0.0,0.0,0.14285715,0.9987450838088989,0.7395846843719482,0.4557928442955017,0.16273945569992065,1.0,0.9784942269325256,1.0,0.0,0.6573808789253235,0.0,0.12903225,0.04214854910969734,0.5714286,0.014825635589659214,0.018183192238211632,0.0,0.0,0.0,0.0,0.0,0.0
9751,Transformer,0.6774193,1.0,1.0,0.3657071888446808,0.3162791132926941,0.0051908353343605995,0.00516492361202836,0.0,0.8,0.14285715,0.959197461605072,0.6835071444511414,0.9427197575569153,0.5790636539459229,0.5224969983100891,0.5087667107582092,0.5280375480651855,0.5041553378105164,0.5375537276268005,0.51427161693573,0.4471375644207001,0.521992027759552,0.9870508313179016,1.0,0.9824687242507935,0.0,1.0,1.0,0.0,0.0,0.0,0.006610390730202198,0.03223820775747299,0.0,0.0,0.0,0.2857143,1.0,0.0,0.5533578395843506,0.22783929109573364,0.38305941224098206,0.4886881709098816,0.9836300611495972,1.0,0.9732731580734253,0.0,0.9419511556625366,0.0,0.032258064,0.0,1.0,0.44200628995895386,0.019221870228648186,0.9578009843826294,0.0,0.0,0.2857143,0.33333334,0.2857143,0.48972368240356445,0.26473259925842285,0.19648844003677368,0.5406250953674316,0.9888566136360168,1.0,0.98518967628479,0.020181996747851372,0.9728224277496338,1.0,0.0,0.1729801595211029,0.2857143,0.0,0.0,0.0,0.0,0.0,0.2857143,1.0,0.0,0.5105968713760376,0.26283204555511475,0.1726950705051422,0.5135931372642517,1.0,0.9886424541473389,0.9987815618515015,0.0,0.9828288555145264,1.0,0.0,0.16252008080482483,0.5,0.04123598337173462,0.018788408488035202,0.019519798457622528,0.0,0.0,0.2857143,1.0,0.0,0.5668202638626099,0.2830461859703064,0.17130887508392334,0.5393332839012146,0.9798206686973572,0.9709199666976929,0.9898766279220581,0.012952279299497604,0.9965165257453918,1.0,0.0,0.15427947044372559,0.71428573,0.021749092265963554,0.017263013869524002,0.0,0.0,0.0,0.2857143,1.0,0.0,0.7643781304359436,0.32573550939559937,0.17709381878376007,0.49312785267829895,0.9937369227409363,0.9831083416938782,0.9852735996246338,0.018202029168605804,0.8339611291885376,0.0,0.032258064,0.02180594950914383,0.21428573,0.0012827360769733787,0.0,0.025077711790800095,0.0,0.0,0.2857143,0.6666667,0.14285715
9967,Transformer,0.6774193,0.8571429,1.0,0.555935800075531,0.1407204121351242,0.0,0.0,1.0,0.0,0.0,0.991023063659668,0.9842715859413147,0.984962522983551,0.9996588230133057,0.4834708571434021,0.4724891483783722,0.4980866014957428,0.5203322768211365,1.0,1.0,0.9706346988677979,0.9953526258468628,1.0,1.0,1.0,0.0,1.0,0.0,0.032258064,0.008406456559896469,0.71428573,0.016513418406248093,0.0,0.0,0.0,0.0,0.0,0.33333334,0.0,0.9459236264228821,0.9875707626342773,0.9895117282867432,0.9796082973480225,1.0,0.9988811016082764,0.9548157453536987,0.004310159478336573,0.6986055374145508,0.0,0.032258064,0.5147637724876404,0.42857146,0.0,0.0006001307629048824,0.0,0.0,0.0,0.0,0.33333334,0.0,1.0,1.0,0.9948967099189758,0.9692745804786682,0.9704558253288269,0.9883222579956055,0.999834418296814,0.0,1.0,0.0,0.12903225,0.0,0.35714287,0.0,0.0,0.004517196677625179,0.0,0.0,0.0,0.6666667,0.0,1.0,1.0,0.9866217970848083,0.9985304474830627,1.0,0.9995315670967102,0.9899876117706299,0.0,0.8988742828369141,0.0,0.16129032,0.0,0.6428572,0.0,0.0,0.0,0.0,0.0,0.0,0.33333334,0.0,1.0,1.0,0.9819223880767822,0.9947954416275024,0.9628351330757141,0.9901131987571716,1.0,0.016498757526278496,0.8847290277481079,0.0,0.09677419,0.02103709802031517,0.2857143,0.0,0.0,0.014193237759172916,0.0,0.0,0.0,0.33333334,0.0,1.0,1.0,0.9991931319236755,0.956096351146698,0.9595510363578796,1.0,0.9928387403488159,0.0,0.4356536567211151,0.0,0.2580645,0.0023026273120194674,0.35714287,0.018888317048549652,0.002732045715674758,0.02456788718700409,0.0,0.0,0.0,0.33333334,0.0
16524,Transformer,0.06451613,0.0,1.0,0.353694885969162,0.0,0.021286243572831154,0.0,1.0,0.0,0.42857146,1.0,1.0,1.0,1.0,0.5425927639007568,0.5209001302719116,0.4729488790035248,0.5331194400787354,0.6194450855255127,0.21426409482955933,0.43906092643737793,0.3034530282020569,0.9869725108146667,1.0,0.9943180084228516,0.03850025683641434,1.0,0.0,0.032258064,0.0009302634280174971,0.5,0.0012795542133972049,0.0,0.022120125591754913,0.0,0.0,0.0,0.0,0.0,0.3267545998096466,0.44611823558807373,0.47411686182022095,0.13064801692962646,0.4941939115524292,0.4734237790107727,0.5191338062286377,0.03881733864545822,1.0,0.0,0.032258064,0.02923598326742649,0.7857143,0.0,0.004726485814899206,0.0,0.0,0.0,0.0,0.0,0.0,0.18736368417739868,0.46998921036720276,0.4565814137458801,0.11316118389368057,0.46864843368530273,0.4774267375469208,0.514879047870636,0.04127788916230202,1.0,0.0,0.032258064,0.0,0.21428573,0.028421519324183464,0.01872800849378109,0.0,0.0,0.0,0.0,0.0,0.0,0.3171679675579071,0.5168594717979431,0.4756546914577484,0.11523210257291794,1.0,0.9572499990463257,0.9955435395240784,0.02275913581252098,0.9498628973960876,0.0,0.06451613,0.0,0.5,0.01778692565858364,0.01949503645300865,0.0262007936835289,0.0,0.0,0.0,0.0,0.0,0.876072883605957,0.47617247700691223,0.4692031741142273,0.14672458171844482,0.4967391788959503,0.5003048181533813,0.48080262541770935,0.0,0.8933497071266174,0.0,0.29032257,0.004829043056815863,0.5,0.02881625108420849,0.0,0.020069526508450508,0.0,0.0,0.0,0.0,0.0,0.20340430736541748,0.47011807560920715,0.49674180150032043,0.2072504311800003,1.0,1.0,0.9761903285980225,0.003230493050068617,0.7703362703323364,1.0,0.0,0.46102139353752136,0.5,0.008954300545156002,0.01091757696121931,0.0,0.0,0.0,0.0,0.0,0.0
21205,Transformer,0.16129032,0.0,0.0,0.3637491464614868,0.0,0.0,0.02151445858180523,1.0,0.0,0.42857146,0.5424891710281372,0.9636074304580688,0.9685251712799072,0.6048591136932373,0.5053015947341919,0.5181863903999329,0.49050265550613403,0.5058567523956299,0.9937546253204346,0.9682879447937012,0.7492678761482239,0.2535861134529114,1.0,0.9735282063484192,0.9590919017791748,0.0,1.0,1.0,0.06451613,0.03666883707046509,0.5,0.026139991357922554,0.007038615643978119,0.009425009600818157,1.0,1.0,0.0,0.0,0.0,0.9732856154441833,0.9076395034790039,0.6599683165550232,0.3505948483943939,0.983716607093811,1.0,0.9868381023406982,0.0,0.8363739252090454,1.0,0.06451613,0.4088130593299866,0.5,0.5324738025665283,0.032109666615724564,0.020979057997465134,0.0,0.0,0.42857146,0.0,0.0,0.9847826957702637,1.0,0.9851464033126831,0.18842729926109314,1.0,0.9659180045127869,1.0,0.0,0.975567102432251,1.0,0.032258064,0.7758720517158508,0.5,0.4560679793357849,0.0,0.014354512095451355,1.0,0.0,0.0,0.0,0.0,1.0,0.4496259093284607,0.19862250983715057,0.25994858145713806,1.0,0.9840439558029175,0.9054861068725586,0.00981213804334402,0.986714243888855,1.0,0.06451613,0.0650191605091095,0.5,0.015699084848165512,0.007265261374413967,0.0,0.0,0.0,0.0,0.0,0.0,0.9878326654434204,0.9620412588119507,1.0,0.25624606013298035,1.0,0.9732491374015808,1.0,0.04109090194106102,1.0,1.0,0.19354838,0.14018069207668304,0.5,0.006180047057569027,0.040646739304065704,0.0,0.0,0.0,0.0,0.0,0.0,0.9434581398963928,0.5193608999252319,0.2718878984451294,0.21112918853759766,0.8956334590911865,0.894605815410614,0.5342158675193787,0.0,1.0,1.0,0.4516129,0.6884189248085022,0.5,0.5441333055496216,0.0,0.027921831235289574,1.0,0.0,0.0,0.0,0.0
